image_path,filename,landmark_id,landmark_name,country,continent,sequence_number,extension,width,height,file_size_bytes,file_size_kb,file_size_mb,image_mode,image_format
Australia_ADH_001.jpg,Australia_ADH_001.jpg,Australia_ADH,ADH,Australia,oceania,1,.jpg,640,480,183691,179.39,0.18,RGB,JPEG
Australia_ADH_002.jpg,Australia_ADH_002.jpg,Australia_ADH,ADH,Australia,oceania,2,.jpg,640,480,145105,141.7,0.14,RGB,JPEG
Australia_Alice_001.JPG,Australia_Alice_001.JPG,Australia_Alice,Alice,Australia,oceania,1,.jpg,640,427,101233,98.86,0.1,RGB,JPEG
Australia_Alice_002.JPG,Australia_Alice_002.JPG,Australia_Alice,Alice,Australia,oceania,2,.jpg,640,427,100334,97.98,0.1,RGB,JPEG
Australia_anzac_001.jpg,Australia_anzac_001.jpg,Australia_anzac,anzac,Australia,oceania,1,.jpg,640,838,131820,128.73,0.13,RGB,JPEG
Australia_anzac_002.jpg,Australia_anzac_002.jpg,Australia_anzac,anzac,Australia,oceania,2,.jpg,640,409,72964,71.25,0.07,RGB,JPEG
Australia_athen_001.jpg,Australia_athen_001.jpg,Australia_athen,athen,Australia,oceania,1,.jpg,640,421,66357,64.8,0.06,RGB,JPEG
Australia_athen_002.jpg,Australia_athen_002.jpg,Australia_athen,athen,Australia,oceania,2,.jpg,640,427,70308,68.66,0.07,RGB,JPEG
Australia_bell_001.jpg,Australia_bell_001.jpg,Australia_bell,bell,Australia,oceania,1,.jpg,640,427,103367,100.94,0.1,RGB,JPEG
Australia_bell_002.jpg,Australia_bell_002.jpg,Australia_bell,bell,Australia,oceania,2,.jpg,640,404,65078,63.55,0.06,RGB,JPEG
Australia_george_001.jpg,Australia_george_001.jpg,Australia_george,george,Australia,oceania,1,.jpg,640,480,93504,91.31,0.09,RGB,JPEG
Australia_george_002.jpg,Australia_george_002.jpg,Australia_george,george,Australia,oceania,2,.jpg,640,853,191144,186.66,0.18,RGB,JPEG
Australia_Healesville_001.JPG,Australia_Healesville_001.JPG,Australia_Healesville,Healesville,Australia,oceania,1,.jpg,640,426,106430,103.94,0.1,RGB,JPEG
Australia_Healesville_002.JPG,Australia_Healesville_002.JPG,Australia_Healesville,Healesville,Australia,oceania,2,.jpg,640,426,94141,91.93,0.09,RGB,JPEG
Australia_lighthouse_001.jpg,Australia_lighthouse_001.jpg,Australia_lighthouse,lighthouse,Australia,oceania,1,.jpg,640,447,83685,81.72,0.08,RGB,JPEG
Australia_lighthouse_002.jpg,Australia_lighthouse_002.jpg,Australia_lighthouse,lighthouse,Australia,oceania,2,.jpg,640,480,46555,45.46,0.04,RGB,JPEG
Australia_neptune_001.jpg,Australia_neptune_001.jpg,Australia_neptune,neptune,Australia,oceania,1,.jpg,640,554,112711,110.07,0.11,RGB,JPEG
Australia_neptune_002.jpg,Australia_neptune_002.jpg,Australia_neptune,neptune,Australia,oceania,2,.jpg,640,655,149772,146.26,0.14,RGB,JPEG
Australia_redbridge_001.jpg,Australia_redbridge_001.jpg,Australia_redbridge,redbridge,Australia,oceania,1,.jpg,640,480,163746,159.91,0.16,RGB,JPEG
Australia_redbridge_002.jpg,Australia_redbridge_002.jpg,Australia_redbridge,redbridge,Australia,oceania,2,.jpg,640,427,126583,123.62,0.12,RGB,JPEG
Australia_sandbags_001.jpg,Australia_sandbags_001.jpg,Australia_sandbags,sandbags,Australia,oceania,1,.jpg,640,480,128069,125.07,0.12,RGB,JPEG
Australia_sandbags_002.jpg,Australia_sandbags_002.jpg,Australia_sandbags,sandbags,Australia,oceania,2,.jpg,640,480,136743,133.54,0.13,RGB,JPEG
Australia_stadium_001.jpg,Australia_stadium_001.jpg,Australia_stadium,stadium,Australia,oceania,1,.jpg,640,480,120336,117.52,0.11,RGB,JPEG
Australia_stadium_002.jpg,Australia_stadium_002.jpg,Australia_stadium,stadium,Australia,oceania,2,.jpg,640,480,67193,65.62,0.06,RGB,JPEG
Australia_stat_001.jpg,Australia_stat_001.jpg,Australia_stat,stat,Australia,oceania,1,.jpg,640,360,120308,117.49,0.11,RGB,JPEG
Australia_stat_002.jpg,Australia_stat_002.jpg,Australia_stat,stat,Australia,oceania,2,.jpg,640,853,263078,256.91,0.25,RGB,JPEG
Australia_Stromato_lithe_AustraliePonton_001.jpg,Australia_Stromato_lithe_AustraliePonton_001.jpg,Australia_Stromato_lithe_AustraliePonton,Stromato_lithe_AustraliePonton,Australia,oceania,1,.jpg,640,446,62261,60.8,0.06,RGB,JPEG
Australia_Stromato_lithe_AustraliePonton_002.jpeg,Australia_Stromato_lithe_AustraliePonton_002.jpeg,Australia_Stromato_lithe_AustraliePonton,Stromato_lithe_AustraliePonton,Australia,oceania,2,.jpeg,640,480,72351,70.66,0.07,RGB,JPEG
Australia_Tunnell_Hill_001.JPG,Australia_Tunnell_Hill_001.JPG,Australia_Tunnell_Hill,Tunnell_Hill,Australia,oceania,1,.jpg,640,360,73347,71.63,0.07,RGB,JPEG
Australia_Tunnel_Hill_001.JPG,Australia_Tunnel_Hill_001.JPG,Australia_Tunnel_Hill,Tunnel_Hill,Australia,oceania,1,.jpg,640,360,62001,60.55,0.06,RGB,JPEG
Australia_Warracknabeal_Pedestrian_Bridge_001.JPG,Australia_Warracknabeal_Pedestrian_Bridge_001.JPG,Australia_Warracknabeal_Pedestrian_Bridge,Warracknabeal_Pedestrian_Bridge,Australia,oceania,1,.jpg,640,427,137709,134.48,0.13,RGB,JPEG
Australia_Warracknabeal_Pedestrian_Bridge_002.JPG,Australia_Warracknabeal_Pedestrian_Bridge_002.JPG,Australia_Warracknabeal_Pedestrian_Bridge,Warracknabeal_Pedestrian_Bridge,Australia,oceania,2,.jpg,639,407,120605,117.78,0.12,RGB,JPEG
Australia_WarwickRailwayStation_001.JPG,Australia_WarwickRailwayStation_001.JPG,Australia_WarwickRailwayStation,WarwickRailwayStation,Australia,oceania,1,.jpg,640,428,57986,56.63,0.06,RGB,JPEG
Australia_WarwickRailwayStation_002.JPG,Australia_WarwickRailwayStation_002.JPG,Australia_WarwickRailwayStation,WarwickRailwayStation,Australia,oceania,2,.jpg,640,360,55025,53.74,0.05,RGB,JPEG
Australia_william_001.jpg,Australia_william_001.jpg,Australia_william,william,Australia,oceania,1,.jpg,640,425,122733,119.86,0.12,RGB,JPEG
Australia_william_002.jpg,Australia_william_002.jpg,Australia_william,william,Australia,oceania,2,.jpg,640,1205,196130,191.53,0.19,RGB,JPEG
Australia_Windsor_001.jpg,Australia_Windsor_001.jpg,Australia_Windsor,Windsor,Australia,oceania,1,.jpg,640,480,65195,63.67,0.06,RGB,JPEG
Australia_Windsor_002.jpg,Australia_Windsor_002.jpg,Australia_Windsor,Windsor,Australia,oceania,2,.jpg,640,480,82040,80.12,0.08,RGB,JPEG
Australia_woodford_001.jpg,Australia_woodford_001.jpg,Australia_woodford,woodford,Australia,oceania,1,.jpg,640,471,121140,118.3,0.12,RGB,JPEG
Australia_woodford_002.jpg,Australia_woodford_002.jpg,Australia_woodford,woodford,Australia,oceania,2,.jpg,639,469,110730,108.13,0.11,RGB,JPEG
Australia_Woodman_Point_001.jpg,Australia_Woodman_Point_001.jpg,Australia_Woodman_Point,Woodman_Point,Australia,oceania,1,.jpg,640,480,85539,83.53,0.08,RGB,JPEG
Australia_Woodman_Point_002.jpg,Australia_Woodman_Point_002.jpg,Australia_Woodman_Point,Woodman_Point,Australia,oceania,2,.jpg,640,480,72761,71.06,0.07,RGB,JPEG
Australia_Woodman_Point_Lighthouse_001.jpg,Australia_Woodman_Point_Lighthouse_001.jpg,Australia_Woodman_Point_Lighthouse,Woodman_Point_Lighthouse,Australia,oceania,1,.jpg,640,172,34296,33.49,0.03,RGB,JPEG
Australia_Woodman_Point_Lighthouse_002.jpg,Australia_Woodman_Point_Lighthouse_002.jpg,Australia_Woodman_Point_Lighthouse,Woodman_Point_Lighthouse,Australia,oceania,2,.jpg,640,480,81023,79.12,0.08,RGB,JPEG
Australia_Young_and_Jacksons_Melbourne_001.jpg,Australia_Young_and_Jacksons_Melbourne_001.jpg,Australia_Young_and_Jacksons_Melbourne,Young_and_Jacksons_Melbourne,Australia,oceania,1,.jpg,640,427,121726,118.87,0.12,RGB,JPEG
Australia_Young_and_Jacksons_Melbourne_002.jpg,Australia_Young_and_Jacksons_Melbourne_002.jpg,Australia_Young_and_Jacksons_Melbourne,Young_and_Jacksons_Melbourne,Australia,oceania,2,.jpg,640,427,100598,98.24,0.1,RGB,JPEG
Azerbaijan_AgdamMosque_001.jpg,Azerbaijan_AgdamMosque_001.jpg,Azerbaijan_AgdamMosque,AgdamMosque,Azerbaijan,other,1,.jpg,640,427,73521,71.8,0.07,RGB,JPEG
Azerbaijan_AgdamMosque_002.jpg,Azerbaijan_AgdamMosque_002.jpg,Azerbaijan_AgdamMosque,AgdamMosque,Azerbaijan,other,2,.jpg,639,676,91830,89.68,0.09,RGB,JPEG
Azerbaijan_Amaras_001.jpg,Azerbaijan_Amaras_001.jpg,Azerbaijan_Amaras,Amaras,Azerbaijan,other,1,.jpg,640,480,64863,63.34,0.06,RGB,JPEG
Azerbaijan_Amaras_002.jpg,Azerbaijan_Amaras_002.jpg,Azerbaijan_Amaras,Amaras,Azerbaijan,other,2,.jpg,640,480,85056,83.06,0.08,RGB,JPEG
Azerbaijan_Astrofizika_001.jpg,Azerbaijan_Astrofizika_001.jpg,Azerbaijan_Astrofizika,Astrofizika,Azerbaijan,other,1,.jpg,640,960,135300,132.13,0.13,RGB,JPEG
Azerbaijan_Astrofizika_002.jpg,Azerbaijan_Astrofizika_002.jpg,Azerbaijan_Astrofizika,Astrofizika,Azerbaijan,other,2,.jpg,640,480,63061,61.58,0.06,RGB,JPEG
Azerbaijan_Ateshgah_001.jpg,Azerbaijan_Ateshgah_001.jpg,Azerbaijan_Ateshgah,Ateshgah,Azerbaijan,other,1,.jpg,640,412,78854,77.01,0.08,RGB,JPEG
Azerbaijan_Ateshgah_002.jpg,Azerbaijan_Ateshgah_002.jpg,Azerbaijan_Ateshgah,Ateshgah,Azerbaijan,other,2,.jpg,640,299,55213,53.92,0.05,RGB,JPEG
Azerbaijan_BakuBoulevard_001.jpg,Azerbaijan_BakuBoulevard_001.jpg,Azerbaijan_BakuBoulevard,BakuBoulevard,Azerbaijan,other,1,.jpg,640,480,56009,54.7,0.05,RGB,JPEG
Azerbaijan_BakuBoulevard_002.jpg,Azerbaijan_BakuBoulevard_002.jpg,Azerbaijan_BakuBoulevard,BakuBoulevard,Azerbaijan,other,2,.jpg,640,480,49098,47.95,0.05,RGB,JPEG
Azerbaijan_Bayrak_001.jpg,Azerbaijan_Bayrak_001.jpg,Azerbaijan_Bayrak,Bayrak,Azerbaijan,other,1,.jpg,640,739,76192,74.41,0.07,RGB,JPEG
Azerbaijan_Bayrak_002.jpg,Azerbaijan_Bayrak_002.jpg,Azerbaijan_Bayrak,Bayrak,Azerbaijan,other,2,.jpg,640,960,79185,77.33,0.08,RGB,JPEG
Azerbaijan_BibiheybatMosque_001.jpg,Azerbaijan_BibiheybatMosque_001.jpg,Azerbaijan_BibiheybatMosque,BibiheybatMosque,Azerbaijan,other,1,.jpg,640,480,67000,65.43,0.06,RGB,JPEG
Azerbaijan_BibiheybatMosque_002.jpg,Azerbaijan_BibiheybatMosque_002.jpg,Azerbaijan_BibiheybatMosque,BibiheybatMosque,Azerbaijan,other,2,.jpg,640,477,66923,65.35,0.06,RGB,JPEG
Azerbaijan_Dadivank_001.jpg,Azerbaijan_Dadivank_001.jpg,Azerbaijan_Dadivank,Dadivank,Azerbaijan,other,1,.jpg,640,960,241362,235.71,0.23,RGB,JPEG
Azerbaijan_Dadivank_002.jpg,Azerbaijan_Dadivank_002.jpg,Azerbaijan_Dadivank,Dadivank,Azerbaijan,other,2,.jpg,640,424,99404,97.07,0.09,RGB,JPEG
Azerbaijan_DiriBabaCemetary_001.jpg,Azerbaijan_DiriBabaCemetary_001.jpg,Azerbaijan_DiriBabaCemetary,DiriBabaCemetary,Azerbaijan,other,1,.jpg,640,960,198861,194.2,0.19,RGB,JPEG
Azerbaijan_DiriBabaCemetary_002.jpg,Azerbaijan_DiriBabaCemetary_002.jpg,Azerbaijan_DiriBabaCemetary,DiriBabaCemetary,Azerbaijan,other,2,.jpg,640,427,92298,90.13,0.09,RGB,JPEG
Azerbaijan_DiriBaba_001.jpg,Azerbaijan_DiriBaba_001.jpg,Azerbaijan_DiriBaba,DiriBaba,Azerbaijan,other,1,.jpg,640,846,194581,190.02,0.19,RGB,JPEG
Azerbaijan_DiriBaba_002.jpg,Azerbaijan_DiriBaba_002.jpg,Azerbaijan_DiriBaba,DiriBaba,Azerbaijan,other,2,.jpg,640,960,214643,209.61,0.2,RGB,JPEG
Azerbaijan_FountainSquareBaku_001.jpg,Azerbaijan_FountainSquareBaku_001.jpg,Azerbaijan_FountainSquareBaku,FountainSquareBaku,Azerbaijan,other,1,.jpg,640,427,114173,111.5,0.11,RGB,JPEG
Azerbaijan_FountainSquareBaku_002.jpg,Azerbaijan_FountainSquareBaku_002.jpg,Azerbaijan_FountainSquareBaku,FountainSquareBaku,Azerbaijan,other,2,.jpg,640,955,151862,148.3,0.14,RGB,JPEG
Azerbaijan_Ganja_001.jpg,Azerbaijan_Ganja_001.jpg,Azerbaijan_Ganja,Ganja,Azerbaijan,other,1,.jpg,640,360,62272,60.81,0.06,RGB,JPEG
Azerbaijan_Ganja_002.jpg,Azerbaijan_Ganja_002.jpg,Azerbaijan_Ganja,Ganja,Azerbaijan,other,2,.jpg,640,366,72160,70.47,0.07,RGB,JPEG
Azerbaijan_GarabaglarMausoleum_001.jpg,Azerbaijan_GarabaglarMausoleum_001.jpg,Azerbaijan_GarabaglarMausoleum,GarabaglarMausoleum,Azerbaijan,other,1,.jpg,640,963,220437,215.27,0.21,RGB,JPEG
Azerbaijan_GarabaglarMausoleum_002.jpg,Azerbaijan_GarabaglarMausoleum_002.jpg,Azerbaijan_GarabaglarMausoleum,GarabaglarMausoleum,Azerbaijan,other,2,.jpg,640,920,193761,189.22,0.18,RGB,JPEG
Azerbaijan_Gitchavank_001.jpg,Azerbaijan_Gitchavank_001.jpg,Azerbaijan_Gitchavank,Gitchavank,Azerbaijan,other,1,.jpg,640,480,124764,121.84,0.12,RGB,JPEG
Azerbaijan_Gitchavank_002.jpg,Azerbaijan_Gitchavank_002.jpg,Azerbaijan_Gitchavank,Gitchavank,Azerbaijan,other,2,.jpg,640,480,118463,115.69,0.11,RGB,JPEG
Azerbaijan_GulustanCastle_001.jpg,Azerbaijan_GulustanCastle_001.jpg,Azerbaijan_GulustanCastle,GulustanCastle,Azerbaijan,other,1,.jpg,640,427,99398,97.07,0.09,RGB,JPEG
Azerbaijan_GulustanCastle_002.jpg,Azerbaijan_GulustanCastle_002.jpg,Azerbaijan_GulustanCastle,GulustanCastle,Azerbaijan,other,2,.jpg,640,960,153659,150.06,0.15,RGB,JPEG
Azerbaijan_MaidenTower_001.jpg,Azerbaijan_MaidenTower_001.jpg,Azerbaijan_MaidenTower,MaidenTower,Azerbaijan,other,1,.jpg,640,480,75226,73.46,0.07,RGB,JPEG
Azerbaijan_MaidenTower_002.jpg,Azerbaijan_MaidenTower_002.jpg,Azerbaijan_MaidenTower,MaidenTower,Azerbaijan,other,2,.jpg,640,1140,152698,149.12,0.15,RGB,JPEG
Azerbaijan_Mausoleum_001.jpg,Azerbaijan_Mausoleum_001.jpg,Azerbaijan_Mausoleum,Mausoleum,Azerbaijan,other,1,.jpg,640,425,90869,88.74,0.09,RGB,JPEG
Azerbaijan_Mausoleum_002.jpg,Azerbaijan_Mausoleum_002.jpg,Azerbaijan_Mausoleum,Mausoleum,Azerbaijan,other,2,.jpg,640,1137,160450,156.69,0.15,RGB,JPEG
Azerbaijan_MominXatun_001.jpg,Azerbaijan_MominXatun_001.jpg,Azerbaijan_MominXatun,MominXatun,Azerbaijan,other,1,.jpg,640,1137,202791,198.04,0.19,RGB,JPEG
Azerbaijan_MominXatun_002.jpg,Azerbaijan_MominXatun_002.jpg,Azerbaijan_MominXatun,MominXatun,Azerbaijan,other,2,.jpg,640,425,90869,88.74,0.09,RGB,JPEG
Azerbaijan_Nizami_001.jpg,Azerbaijan_Nizami_001.jpg,Azerbaijan_Nizami,Nizami,Azerbaijan,other,1,.jpg,640,360,41096,40.13,0.04,RGB,JPEG
Azerbaijan_Nizami_002.jpg,Azerbaijan_Nizami_002.jpg,Azerbaijan_Nizami,Nizami,Azerbaijan,other,2,.jpg,640,360,48838,47.69,0.05,RGB,JPEG
Azerbaijan_OmarEfendi_001.jpg,Azerbaijan_OmarEfendi_001.jpg,Azerbaijan_OmarEfendi,OmarEfendi,Azerbaijan,other,1,.jpg,640,427,62374,60.91,0.06,RGB,JPEG
Azerbaijan_OmarEfendi_002.jpg,Azerbaijan_OmarEfendi_002.jpg,Azerbaijan_OmarEfendi,OmarEfendi,Azerbaijan,other,2,.jpg,640,960,165577,161.7,0.16,RGB,JPEG
Azerbaijan_SaatlyMosque_001.jpg,Azerbaijan_SaatlyMosque_001.jpg,Azerbaijan_SaatlyMosque,SaatlyMosque,Azerbaijan,other,1,.jpg,640,660,139764,136.49,0.13,RGB,JPEG
Azerbaijan_SaatlyMosque_002.jpg,Azerbaijan_SaatlyMosque_002.jpg,Azerbaijan_SaatlyMosque,SaatlyMosque,Azerbaijan,other,2,.jpg,640,427,70379,68.73,0.07,RGB,JPEG
Azerbaijan_Seyid_001.jpg,Azerbaijan_Seyid_001.jpg,Azerbaijan_Seyid,Seyid,Azerbaijan,other,1,.jpg,640,480,77807,75.98,0.07,RGB,JPEG
Azerbaijan_Seyid_002.jpg,Azerbaijan_Seyid_002.jpg,Azerbaijan_Seyid,Seyid,Azerbaijan,other,2,.jpg,640,359,51534,50.33,0.05,RGB,JPEG
Azerbaijan_SeytanCarsi_001.jpg,Azerbaijan_SeytanCarsi_001.jpg,Azerbaijan_SeytanCarsi,SeytanCarsi,Azerbaijan,other,1,.jpg,640,480,77230,75.42,0.07,RGB,JPEG
Azerbaijan_SeytanCarsi_002.jpg,Azerbaijan_SeytanCarsi_002.jpg,Azerbaijan_SeytanCarsi,SeytanCarsi,Azerbaijan,other,2,.jpg,640,480,68249,66.65,0.07,RGB,JPEG
Azerbaijan_Shusha_001.jpg,Azerbaijan_Shusha_001.jpg,Azerbaijan_Shusha,Shusha,Azerbaijan,other,1,.jpg,640,427,58786,57.41,0.06,RGB,JPEG
Azerbaijan_Shusha_002.jpg,Azerbaijan_Shusha_002.jpg,Azerbaijan_Shusha,Shusha,Azerbaijan,other,2,.jpg,640,853,126101,123.15,0.12,RGB,JPEG
Azerbaijan_SOCARTower_001.jpg,Azerbaijan_SOCARTower_001.jpg,Azerbaijan_SOCARTower,SOCARTower,Azerbaijan,other,1,.jpg,640,480,93476,91.29,0.09,RGB,JPEG
Azerbaijan_SOCARTower_002.jpg,Azerbaijan_SOCARTower_002.jpg,Azerbaijan_SOCARTower,SOCARTower,Azerbaijan,other,2,.jpg,640,480,79298,77.44,0.08,RGB,JPEG
Azerbaijan_StGeorgeChurch_001.jpg,Azerbaijan_StGeorgeChurch_001.jpg,Azerbaijan_StGeorgeChurch,StGeorgeChurch,Azerbaijan,other,1,.jpg,640,426,122181,119.32,0.12,RGB,JPEG
Azerbaijan_StGeorgeChurch_002.jpg,Azerbaijan_StGeorgeChurch_002.jpg,Azerbaijan_StGeorgeChurch,StGeorgeChurch,Azerbaijan,other,2,.jpg,640,426,86014,84.0,0.08,RGB,JPEG
Azerbaijan_SumuqQale_001.jpg,Azerbaijan_SumuqQale_001.jpg,Azerbaijan_SumuqQale,SumuqQale,Azerbaijan,other,1,.jpg,640,1138,155450,151.81,0.15,RGB,JPEG
Azerbaijan_SumuqQale_002.jpg,Azerbaijan_SumuqQale_002.jpg,Azerbaijan_SumuqQale,SumuqQale,Azerbaijan,other,2,.jpg,640,960,167829,163.9,0.16,RGB,JPEG
Azerbaijan_YediGumbez_001.jpg,Azerbaijan_YediGumbez_001.jpg,Azerbaijan_YediGumbez,YediGumbez,Azerbaijan,other,1,.jpg,640,427,62846,61.37,0.06,RGB,JPEG
Azerbaijan_YediGumbez_002.jpg,Azerbaijan_YediGumbez_002.jpg,Azerbaijan_YediGumbez,YediGumbez,Azerbaijan,other,2,.jpg,640,427,67488,65.91,0.06,RGB,JPEG
Azerbaijan_Yerits_001.jpg,Azerbaijan_Yerits_001.jpg,Azerbaijan_Yerits,Yerits,Azerbaijan,other,1,.jpg,640,480,66351,64.8,0.06,RGB,JPEG
Azerbaijan_Yerits_002.jpg,Azerbaijan_Yerits_002.jpg,Azerbaijan_Yerits,Yerits,Azerbaijan,other,2,.jpg,640,853,141096,137.79,0.13,RGB,JPEG
Iran_Aghazadeh_mansions_001.JPG,Iran_Aghazadeh_mansions_001.JPG,Iran_Aghazadeh_mansions,Aghazadeh_mansions,Iran,asia,1,.jpg,640,427,48206,47.08,0.05,RGB,JPEG
Iran_Aghazadeh_mansions_002.JPG,Iran_Aghazadeh_mansions_002.JPG,Iran_Aghazadeh_mansions,Aghazadeh_mansions,Iran,asia,2,.jpg,640,427,41296,40.33,0.04,RGB,JPEG
Iran_Aghazadeh_mansions_003.jpg,Iran_Aghazadeh_mansions_003.jpg,Iran_Aghazadeh_mansions,Aghazadeh_mansions,Iran,asia,3,.jpg,640,427,76384,74.59,0.07,RGB,JPEG
Iran_Aghazadeh_mansions_004.JPG,Iran_Aghazadeh_mansions_004.JPG,Iran_Aghazadeh_mansions,Aghazadeh_mansions,Iran,asia,4,.jpg,640,640,95483,93.25,0.09,RGB,JPEG
Iran_Akbarieh_garden_001.jpg,Iran_Akbarieh_garden_001.jpg,Iran_Akbarieh_garden,Akbarieh_garden,Iran,asia,1,.jpg,640,855,213047,208.05,0.2,RGB,JPEG
Iran_Akbarieh_garden_002.jpg,Iran_Akbarieh_garden_002.jpg,Iran_Akbarieh_garden,Akbarieh_garden,Iran,asia,2,.jpg,640,360,71225,69.56,0.07,RGB,JPEG
Iran_Amir_Chakhmaq_Squre_001.jpg,Iran_Amir_Chakhmaq_Squre_001.jpg,Iran_Amir_Chakhmaq_Squre,Amir_Chakhmaq_Squre,Iran,asia,1,.jpg,640,427,79365,77.5,0.08,RGB,JPEG
Iran_Amir_Chakhmaq_Squre_002.jpg,Iran_Amir_Chakhmaq_Squre_002.jpg,Iran_Amir_Chakhmaq_Squre,Amir_Chakhmaq_Squre,Iran,asia,2,.jpg,640,480,75437,73.67,0.07,RGB,JPEG
Iran_Ardshir_Palace_001.jpg,Iran_Ardshir_Palace_001.jpg,Iran_Ardshir_Palace,Ardshir_Palace,Iran,asia,1,.jpg,640,480,123428,120.54,0.12,RGB,JPEG
Iran_Ardshir_Palace_002.jpg,Iran_Ardshir_Palace_002.jpg,Iran_Ardshir_Palace,Ardshir_Palace,Iran,asia,2,.jpg,640,853,170244,166.25,0.16,RGB,JPEG
Iran_Azadi_Tower_001.jpg,Iran_Azadi_Tower_001.jpg,Iran_Azadi_Tower,Azadi_Tower,Iran,asia,1,.jpg,640,480,56866,55.53,0.05,RGB,JPEG
Iran_Azadi_Tower_002.jpg,Iran_Azadi_Tower_002.jpg,Iran_Azadi_Tower,Azadi_Tower,Iran,asia,2,.jpg,640,480,80507,78.62,0.08,RGB,JPEG
Iran_Azadi_Tower_003.jpg,Iran_Azadi_Tower_003.jpg,Iran_Azadi_Tower,Azadi_Tower,Iran,asia,3,.jpg,640,480,67838,66.25,0.06,RGB,JPEG
Iran_Bagh_e_eram_shiraz_001.jpg,Iran_Bagh_e_eram_shiraz_001.jpg,Iran_Bagh_e_eram_shiraz,Bagh_e_eram_shiraz,Iran,asia,1,.jpg,640,853,168116,164.18,0.16,RGB,JPEG
Iran_Bagh_e_eram_shiraz_002.JPG,Iran_Bagh_e_eram_shiraz_002.JPG,Iran_Bagh_e_eram_shiraz,Bagh_e_eram_shiraz,Iran,asia,2,.jpg,640,960,205943,201.12,0.2,RGB,JPEG
Iran_Bagh_e_eram_shiraz_003.JPG,Iran_Bagh_e_eram_shiraz_003.JPG,Iran_Bagh_e_eram_shiraz,Bagh_e_eram_shiraz,Iran,asia,3,.jpg,640,960,146817,143.38,0.14,RGB,JPEG
Iran_Bahestan_Castle_001.jpg,Iran_Bahestan_Castle_001.jpg,Iran_Bahestan_Castle,Bahestan_Castle,Iran,asia,1,.jpg,640,426,80229,78.35,0.08,RGB,JPEG
Iran_Bahestan_Castle_002.jpg,Iran_Bahestan_Castle_002.jpg,Iran_Bahestan_Castle,Bahestan_Castle,Iran,asia,2,.jpg,640,960,234798,229.29,0.22,RGB,JPEG
Iran_Bahestan_Castle_003.jpg,Iran_Bahestan_Castle_003.jpg,Iran_Bahestan_Castle,Bahestan_Castle,Iran,asia,3,.jpg,640,426,141883,138.56,0.14,RGB,JPEG
Iran_Chogha_zanbil_001.jpg,Iran_Chogha_zanbil_001.jpg,Iran_Chogha_zanbil,Chogha_zanbil,Iran,asia,1,.jpg,640,427,107682,105.16,0.1,RGB,JPEG
Iran_Chogha_zanbil_002.jpg,Iran_Chogha_zanbil_002.jpg,Iran_Chogha_zanbil,Chogha_zanbil,Iran,asia,2,.jpg,640,480,106201,103.71,0.1,RGB,JPEG
Iran_Chogha_zanbil_003.jpg,Iran_Chogha_zanbil_003.jpg,Iran_Chogha_zanbil,Chogha_zanbil,Iran,asia,3,.jpg,640,424,74104,72.37,0.07,RGB,JPEG
Iran_Chogha_zanbil_004.jpg,Iran_Chogha_zanbil_004.jpg,Iran_Chogha_zanbil,Chogha_zanbil,Iran,asia,4,.jpg,640,480,97233,94.95,0.09,RGB,JPEG
Iran_Chogha_zanbil_005.jpg,Iran_Chogha_zanbil_005.jpg,Iran_Chogha_zanbil,Chogha_zanbil,Iran,asia,5,.jpg,640,480,93398,91.21,0.09,RGB,JPEG
Iran_Chogha_zanbil_006.jpg,Iran_Chogha_zanbil_006.jpg,Iran_Chogha_zanbil,Chogha_zanbil,Iran,asia,6,.jpg,640,480,130961,127.89,0.12,RGB,JPEG
Iran_Church_of_Sohroul_001.jpg,Iran_Church_of_Sohroul_001.jpg,Iran_Church_of_Sohroul,Church_of_Sohroul,Iran,asia,1,.jpg,640,427,49153,48.0,0.05,RGB,JPEG
Iran_Church_of_Sohroul_002.jpg,Iran_Church_of_Sohroul_002.jpg,Iran_Church_of_Sohroul,Church_of_Sohroul,Iran,asia,2,.jpg,640,703,112140,109.51,0.11,RGB,JPEG
Iran_Darvaze_Qoran_001.jpg,Iran_Darvaze_Qoran_001.jpg,Iran_Darvaze_Qoran,Darvaze_Qoran,Iran,asia,1,.jpg,640,427,79050,77.2,0.08,RGB,JPEG
Iran_Davood_Zand_001.jpg,Iran_Davood_Zand_001.jpg,Iran_Davood_Zand,Davood_Zand,Iran,asia,1,.jpg,640,360,64606,63.09,0.06,RGB,JPEG
Iran_Davood_Zand_002.jpg,Iran_Davood_Zand_002.jpg,Iran_Davood_Zand,Davood_Zand,Iran,asia,2,.jpg,640,481,87860,85.8,0.08,RGB,JPEG
Iran_Dayr_e_Gachin_001.jpg,Iran_Dayr_e_Gachin_001.jpg,Iran_Dayr_e_Gachin,Dayr_e_Gachin,Iran,asia,1,.jpg,640,427,94901,92.68,0.09,RGB,JPEG
Iran_Dayr_e_Gachin_002.jpg,Iran_Dayr_e_Gachin_002.jpg,Iran_Dayr_e_Gachin,Dayr_e_Gachin,Iran,asia,2,.jpg,640,427,66166,64.62,0.06,RGB,JPEG
Iran_Dayr_e_Gachin_003.jpg,Iran_Dayr_e_Gachin_003.jpg,Iran_Dayr_e_Gachin,Dayr_e_Gachin,Iran,asia,3,.jpg,640,360,82926,80.98,0.08,RGB,JPEG
Iran_Dayr_e_Gachin_004.jpg,Iran_Dayr_e_Gachin_004.jpg,Iran_Dayr_e_Gachin,Dayr_e_Gachin,Iran,asia,4,.jpg,640,360,45387,44.32,0.04,RGB,JPEG
Iran_Dayr_e_Gachin_005.jpg,Iran_Dayr_e_Gachin_005.jpg,Iran_Dayr_e_Gachin,Dayr_e_Gachin,Iran,asia,5,.jpg,640,427,66865,65.3,0.06,RGB,JPEG
Iran_Dayr_e_Gachin_006.jpg,Iran_Dayr_e_Gachin_006.jpg,Iran_Dayr_e_Gachin,Dayr_e_Gachin,Iran,asia,6,.jpg,640,360,29575,28.88,0.03,RGB,JPEG
Iran_Dayr_e_Gachin_007.jpg,Iran_Dayr_e_Gachin_007.jpg,Iran_Dayr_e_Gachin,Dayr_e_Gachin,Iran,asia,7,.jpg,640,427,69933,68.29,0.07,RGB,JPEG
Iran_Dayr_e_Gachin_008.jpg,Iran_Dayr_e_Gachin_008.jpg,Iran_Dayr_e_Gachin,Dayr_e_Gachin,Iran,asia,8,.jpg,640,427,60560,59.14,0.06,RGB,JPEG
Iran_Dayr_e_Gachin_009.jpg,Iran_Dayr_e_Gachin_009.jpg,Iran_Dayr_e_Gachin,Dayr_e_Gachin,Iran,asia,9,.jpg,640,427,41665,40.69,0.04,RGB,JPEG
Iran_Dayr_e_Gachin_010.jpg,Iran_Dayr_e_Gachin_010.jpg,Iran_Dayr_e_Gachin,Dayr_e_Gachin,Iran,asia,10,.jpg,640,1138,176957,172.81,0.17,RGB,JPEG
Iran_Delgosha_Garden_001.JPG,Iran_Delgosha_Garden_001.JPG,Iran_Delgosha_Garden,Delgosha_Garden,Iran,asia,1,.jpg,640,853,158355,154.64,0.15,RGB,JPEG
Iran_Delgosha_Garden_002.JPG,Iran_Delgosha_Garden_002.JPG,Iran_Delgosha_Garden,Delgosha_Garden,Iran,asia,2,.jpg,640,480,102554,100.15,0.1,RGB,JPEG
Iran_Dolat_Abad_Garden_001.jpg,Iran_Dolat_Abad_Garden_001.jpg,Iran_Dolat_Abad_Garden,Dolat_Abad_Garden,Iran,asia,1,.jpg,640,480,149598,146.09,0.14,RGB,JPEG
Iran_Dolat_Abad_Garden_002.jpg,Iran_Dolat_Abad_Garden_002.jpg,Iran_Dolat_Abad_Garden,Dolat_Abad_Garden,Iran,asia,2,.jpg,640,480,77045,75.24,0.07,RGB,JPEG
Iran_Dolat_Abad_Garden_003.jpg,Iran_Dolat_Abad_Garden_003.jpg,Iran_Dolat_Abad_Garden,Dolat_Abad_Garden,Iran,asia,3,.jpg,640,480,129291,126.26,0.12,RGB,JPEG
Iran_Dolat_Abad_Garden_004.jpg,Iran_Dolat_Abad_Garden_004.jpg,Iran_Dolat_Abad_Garden,Dolat_Abad_Garden,Iran,asia,4,.jpg,640,359,83536,81.58,0.08,RGB,JPEG
Iran_Dolat_Abad_Garden_005.jpg,Iran_Dolat_Abad_Garden_005.jpg,Iran_Dolat_Abad_Garden,Dolat_Abad_Garden,Iran,asia,5,.jpg,640,966,120758,117.93,0.12,RGB,JPEG
Iran_Dolat_Abad_Garden_006.jpg,Iran_Dolat_Abad_Garden_006.jpg,Iran_Dolat_Abad_Garden,Dolat_Abad_Garden,Iran,asia,6,.jpg,640,440,109742,107.17,0.1,RGB,JPEG
Iran_Dolat_Abad_Garden_007.jpg,Iran_Dolat_Abad_Garden_007.jpg,Iran_Dolat_Abad_Garden,Dolat_Abad_Garden,Iran,asia,7,.jpg,640,427,95754,93.51,0.09,RGB,JPEG
Iran_Estakhr_chshme_belghais_001.jpg,Iran_Estakhr_chshme_belghais_001.jpg,Iran_Estakhr_chshme_belghais,Estakhr_chshme_belghais,Iran,asia,1,.jpg,640,361,74744,72.99,0.07,RGB,JPEG
Iran_Estakhr_chshme_belghais_002.jpg,Iran_Estakhr_chshme_belghais_002.jpg,Iran_Estakhr_chshme_belghais,Estakhr_chshme_belghais,Iran,asia,2,.jpg,640,480,87854,85.79,0.08,RGB,JPEG
Iran_Estakhr_chshme_belghais_003.jpg,Iran_Estakhr_chshme_belghais_003.jpg,Iran_Estakhr_chshme_belghais,Estakhr_chshme_belghais,Iran,asia,3,.jpg,640,480,100444,98.09,0.1,RGB,JPEG
Iran_Estakhr_chshme_belghais_004.jpg,Iran_Estakhr_chshme_belghais_004.jpg,Iran_Estakhr_chshme_belghais,Estakhr_chshme_belghais,Iran,asia,4,.jpg,640,425,106260,103.77,0.1,RGB,JPEG
Iran_Fatima_masumeh_001.jpg,Iran_Fatima_masumeh_001.jpg,Iran_Fatima_masumeh,Fatima_masumeh,Iran,asia,1,.jpg,640,427,66422,64.87,0.06,RGB,JPEG
Iran_Fatima_masumeh_002.jpg,Iran_Fatima_masumeh_002.jpg,Iran_Fatima_masumeh,Fatima_masumeh,Iran,asia,2,.jpg,640,480,82995,81.05,0.08,RGB,JPEG
Iran_Fatima_masumeh_003.jpg,Iran_Fatima_masumeh_003.jpg,Iran_Fatima_masumeh,Fatima_masumeh,Iran,asia,3,.jpg,640,426,67166,65.59,0.06,RGB,JPEG
Iran_Ferdos_School_001.jpg,Iran_Ferdos_School_001.jpg,Iran_Ferdos_School,Ferdos_School,Iran,asia,1,.jpg,640,480,65231,63.7,0.06,RGB,JPEG
Iran_Ferdos_School_002.JPG,Iran_Ferdos_School_002.JPG,Iran_Ferdos_School,Ferdos_School,Iran,asia,2,.jpg,640,443,53697,52.44,0.05,RGB,JPEG
Iran_Ferdos_School_003.JPG,Iran_Ferdos_School_003.JPG,Iran_Ferdos_School,Ferdos_School,Iran,asia,3,.jpg,640,480,99721,97.38,0.1,RGB,JPEG
Iran_Ferdowsi_Monument_001.jpg,Iran_Ferdowsi_Monument_001.jpg,Iran_Ferdowsi_Monument,Ferdowsi_Monument,Iran,asia,1,.jpg,640,640,127151,124.17,0.12,RGB,JPEG
Iran_Ferdowsi_Monument_002.jpg,Iran_Ferdowsi_Monument_002.jpg,Iran_Ferdowsi_Monument,Ferdowsi_Monument,Iran,asia,2,.jpg,640,480,75543,73.77,0.07,RGB,JPEG
Iran_Ferdowsi_Monument_003.jpg,Iran_Ferdowsi_Monument_003.jpg,Iran_Ferdowsi_Monument,Ferdowsi_Monument,Iran,asia,3,.jpg,640,853,140818,137.52,0.13,RGB,JPEG
Iran_Ferdowsi_Monument_004.jpg,Iran_Ferdowsi_Monument_004.jpg,Iran_Ferdowsi_Monument,Ferdowsi_Monument,Iran,asia,4,.jpg,640,640,158527,154.81,0.15,RGB,JPEG
Iran_Ferdows_Garden_001.jpg,Iran_Ferdows_Garden_001.jpg,Iran_Ferdows_Garden,Ferdows_Garden,Iran,asia,1,.jpg,640,480,128498,125.49,0.12,RGB,JPEG
Iran_Ferdows_Garden_002.jpg,Iran_Ferdows_Garden_002.jpg,Iran_Ferdows_Garden,Ferdows_Garden,Iran,asia,2,.jpg,640,1138,164183,160.33,0.16,RGB,JPEG
Iran_Ganjali_Khan_Complex_001.jpg,Iran_Ganjali_Khan_Complex_001.jpg,Iran_Ganjali_Khan_Complex,Ganjali_Khan_Complex,Iran,asia,1,.jpg,640,427,62520,61.05,0.06,RGB,JPEG
Iran_Ganjali_Khan_Complex_002.jpg,Iran_Ganjali_Khan_Complex_002.jpg,Iran_Ganjali_Khan_Complex,Ganjali_Khan_Complex,Iran,asia,2,.jpg,640,853,40682,39.73,0.04,RGB,JPEG
Iran_Ganjali_Khan_Complex_003.jpg,Iran_Ganjali_Khan_Complex_003.jpg,Iran_Ganjali_Khan_Complex,Ganjali_Khan_Complex,Iran,asia,3,.jpg,640,360,68133,66.54,0.06,RGB,JPEG
Iran_Ganjali_Khan_Complex_004.jpg,Iran_Ganjali_Khan_Complex_004.jpg,Iran_Ganjali_Khan_Complex,Ganjali_Khan_Complex,Iran,asia,4,.jpg,640,1138,175702,171.58,0.17,RGB,JPEG
Iran_Ghadmgah_001.jpg,Iran_Ghadmgah_001.jpg,Iran_Ghadmgah,Ghadmgah,Iran,asia,1,.jpg,640,480,89172,87.08,0.09,RGB,JPEG
Iran_Ghadmgah_002.jpg,Iran_Ghadmgah_002.jpg,Iran_Ghadmgah,Ghadmgah,Iran,asia,2,.jpg,640,853,147308,143.86,0.14,RGB,JPEG
Iran_Ghaleh_Rudkhan_001.jpg,Iran_Ghaleh_Rudkhan_001.jpg,Iran_Ghaleh_Rudkhan,Ghaleh_Rudkhan,Iran,asia,1,.jpg,640,949,144399,141.01,0.14,RGB,JPEG
Iran_Ghaleh_Rudkhan_002.jpg,Iran_Ghaleh_Rudkhan_002.jpg,Iran_Ghaleh_Rudkhan,Ghaleh_Rudkhan,Iran,asia,2,.jpg,640,960,214839,209.8,0.2,RGB,JPEG
Iran_Ghaleh_Rudkhan_003.jpg,Iran_Ghaleh_Rudkhan_003.jpg,Iran_Ghaleh_Rudkhan,Ghaleh_Rudkhan,Iran,asia,3,.jpg,640,966,247134,241.34,0.24,RGB,JPEG
Iran_Ghaleh_Rudkhan_004.jpg,Iran_Ghaleh_Rudkhan_004.jpg,Iran_Ghaleh_Rudkhan,Ghaleh_Rudkhan,Iran,asia,4,.jpg,640,360,99055,96.73,0.09,RGB,JPEG
Iran_Ghaleh_Rudkhan_005.jpg,Iran_Ghaleh_Rudkhan_005.jpg,Iran_Ghaleh_Rudkhan,Ghaleh_Rudkhan,Iran,asia,5,.jpg,640,1138,273695,267.28,0.26,RGB,JPEG
Iran_Ghaleh_Rudkhan_006.jpg,Iran_Ghaleh_Rudkhan_006.jpg,Iran_Ghaleh_Rudkhan,Ghaleh_Rudkhan,Iran,asia,6,.jpg,640,1138,270024,263.7,0.26,RGB,JPEG
Iran_Ghaleh_Rudkhan_007.jpg,Iran_Ghaleh_Rudkhan_007.jpg,Iran_Ghaleh_Rudkhan,Ghaleh_Rudkhan,Iran,asia,7,.jpg,640,480,149751,146.24,0.14,RGB,JPEG
Iran_Golestan_cemetery_Isfahan_001.jpg,Iran_Golestan_cemetery_Isfahan_001.jpg,Iran_Golestan_cemetery_Isfahan,Golestan_cemetery_Isfahan,Iran,asia,1,.jpg,640,384,60050,58.64,0.06,RGB,JPEG
Iran_Golestan_cemetery_Isfahan_002.jpg,Iran_Golestan_cemetery_Isfahan_002.jpg,Iran_Golestan_cemetery_Isfahan,Golestan_cemetery_Isfahan,Iran,asia,2,.jpg,640,384,62877,61.4,0.06,RGB,JPEG
Iran_Hasanlu_001.jpg,Iran_Hasanlu_001.jpg,Iran_Hasanlu,Hasanlu,Iran,asia,1,.jpg,640,427,112090,109.46,0.11,RGB,JPEG
Iran_Hasanlu_002.jpg,Iran_Hasanlu_002.jpg,Iran_Hasanlu,Hasanlu,Iran,asia,2,.jpg,640,427,100473,98.12,0.1,RGB,JPEG
Iran_Hasanlu_003.jpg,Iran_Hasanlu_003.jpg,Iran_Hasanlu,Hasanlu,Iran,asia,3,.jpg,640,427,116277,113.55,0.11,RGB,JPEG
Iran_Hasanlu_004.jpg,Iran_Hasanlu_004.jpg,Iran_Hasanlu,Hasanlu,Iran,asia,4,.jpg,640,427,118705,115.92,0.11,RGB,JPEG
Iran_Hasan_Abad_square_001.jpg,Iran_Hasan_Abad_square_001.jpg,Iran_Hasan_Abad_square,Hasan_Abad_square,Iran,asia,1,.jpg,640,480,43372,42.36,0.04,RGB,JPEG
Iran_Hasan_Abad_square_002.jpg,Iran_Hasan_Abad_square_002.jpg,Iran_Hasan_Abad_square,Hasan_Abad_square,Iran,asia,2,.jpg,640,960,182348,178.07,0.17,RGB,JPEG
Iran_Hasan_Abad_square_003.jpg,Iran_Hasan_Abad_square_003.jpg,Iran_Hasan_Abad_square,Hasan_Abad_square,Iran,asia,3,.jpg,640,480,109753,107.18,0.1,RGB,JPEG
Iran_Hasan_Abad_square_004.jpg,Iran_Hasan_Abad_square_004.jpg,Iran_Hasan_Abad_square,Hasan_Abad_square,Iran,asia,4,.jpg,640,960,193364,188.83,0.18,RGB,JPEG
Iran_Holy_Mary_Church_Hamadan_001.jpg,Iran_Holy_Mary_Church_Hamadan_001.jpg,Iran_Holy_Mary_Church_Hamadan,Holy_Mary_Church_Hamadan,Iran,asia,1,.jpg,640,793,75185,73.42,0.07,RGB,JPEG
Iran_Holy_Mary_Church_Hamadan_002.JPG,Iran_Holy_Mary_Church_Hamadan_002.JPG,Iran_Holy_Mary_Church_Hamadan,Holy_Mary_Church_Hamadan,Iran,asia,2,.jpg,640,480,83438,81.48,0.08,RGB,JPEG
Iran_House_of_Constitutional_Revolution_001.jpg,Iran_House_of_Constitutional_Revolution_001.jpg,Iran_House_of_Constitutional_Revolution,House_of_Constitutional_Revolution,Iran,asia,1,.jpg,640,480,120399,117.58,0.11,RGB,JPEG
Iran_House_of_Constitutional_Revolution_002.jpg,Iran_House_of_Constitutional_Revolution_002.jpg,Iran_House_of_Constitutional_Revolution,House_of_Constitutional_Revolution,Iran,asia,2,.jpg,640,1078,165641,161.76,0.16,RGB,JPEG
Iran_House_of_Constitutional_Revolution_003.jpg,Iran_House_of_Constitutional_Revolution_003.jpg,Iran_House_of_Constitutional_Revolution,House_of_Constitutional_Revolution,Iran,asia,3,.jpg,640,853,141539,138.22,0.13,RGB,JPEG
Iran_House_of_shapouri_001.jpg,Iran_House_of_shapouri_001.jpg,Iran_House_of_shapouri,House_of_shapouri,Iran,asia,1,.jpg,640,480,108881,106.33,0.1,RGB,JPEG
Iran_House_of_shapouri_002.jpg,Iran_House_of_shapouri_002.jpg,Iran_House_of_shapouri,House_of_shapouri,Iran,asia,2,.jpg,640,853,162501,158.69,0.15,RGB,JPEG
Iran_Imamzadeh_Saleh_001.jpg,Iran_Imamzadeh_Saleh_001.jpg,Iran_Imamzadeh_Saleh,Imamzadeh_Saleh,Iran,asia,1,.jpg,640,896,162545,158.74,0.16,RGB,JPEG
Iran_Imamzadeh_Saleh_002.jpg,Iran_Imamzadeh_Saleh_002.jpg,Iran_Imamzadeh_Saleh,Imamzadeh_Saleh,Iran,asia,2,.jpg,640,960,276812,270.32,0.26,RGB,JPEG
Iran_Izadkhast_Old_Caravanserai_001.jpg,Iran_Izadkhast_Old_Caravanserai_001.jpg,Iran_Izadkhast_Old_Caravanserai,Izadkhast_Old_Caravanserai,Iran,asia,1,.jpg,640,427,102071,99.68,0.1,RGB,JPEG
Iran_Izadkhast_Old_Caravanserai_002.jpg,Iran_Izadkhast_Old_Caravanserai_002.jpg,Iran_Izadkhast_Old_Caravanserai,Izadkhast_Old_Caravanserai,Iran,asia,2,.jpg,640,427,113515,110.85,0.11,RGB,JPEG
Iran_Karevansaraye_Mehr_001.jpg,Iran_Karevansaraye_Mehr_001.jpg,Iran_Karevansaraye_Mehr,Karevansaraye_Mehr,Iran,asia,1,.jpg,640,426,146176,142.75,0.14,RGB,JPEG
Iran_Karevansaraye_Mehr_002.jpg,Iran_Karevansaraye_Mehr_002.jpg,Iran_Karevansaraye_Mehr,Karevansaraye_Mehr,Iran,asia,2,.jpg,640,963,159903,156.16,0.15,RGB,JPEG
Iran_Kashefosaltane_tomb_001.jpg,Iran_Kashefosaltane_tomb_001.jpg,Iran_Kashefosaltane_tomb,Kashefosaltane_tomb,Iran,asia,1,.jpg,640,360,79434,77.57,0.08,RGB,JPEG
Iran_Kashefosaltane_tomb_002.jpg,Iran_Kashefosaltane_tomb_002.jpg,Iran_Kashefosaltane_tomb,Kashefosaltane_tomb,Iran,asia,2,.jpg,640,311,86568,84.54,0.08,RGB,JPEG
Iran_Khosrow_Abad_Kooshk_001.jpg,Iran_Khosrow_Abad_Kooshk_001.jpg,Iran_Khosrow_Abad_Kooshk,Khosrow_Abad_Kooshk,Iran,asia,1,.jpg,640,853,111585,108.97,0.11,RGB,JPEG
Iran_Khosrow_Abad_Kooshk_002.jpg,Iran_Khosrow_Abad_Kooshk_002.jpg,Iran_Khosrow_Abad_Kooshk,Khosrow_Abad_Kooshk,Iran,asia,2,.jpg,640,480,110637,108.04,0.11,RGB,JPEG
Iran_Masoudieh_Palace_001.jpg,Iran_Masoudieh_Palace_001.jpg,Iran_Masoudieh_Palace,Masoudieh_Palace,Iran,asia,1,.jpg,640,360,52788,51.55,0.05,RGB,JPEG
Iran_Masoudieh_Palace_002.jpg,Iran_Masoudieh_Palace_002.jpg,Iran_Masoudieh_Palace,Masoudieh_Palace,Iran,asia,2,.jpg,640,480,77286,75.47,0.07,RGB,JPEG
Iran_Masoudieh_Palace_003.jpg,Iran_Masoudieh_Palace_003.jpg,Iran_Masoudieh_Palace,Masoudieh_Palace,Iran,asia,3,.jpg,640,377,76011,74.23,0.07,RGB,JPEG
Iran_Masoudieh_Palace_004.jpg,Iran_Masoudieh_Palace_004.jpg,Iran_Masoudieh_Palace,Masoudieh_Palace,Iran,asia,4,.jpg,640,424,103686,101.26,0.1,RGB,JPEG
Iran_Masoudieh_Palace_005.jpg,Iran_Masoudieh_Palace_005.jpg,Iran_Masoudieh_Palace,Masoudieh_Palace,Iran,asia,5,.jpg,640,360,58902,57.52,0.06,RGB,JPEG
Iran_Naqshe_Rostam_001.JPG,Iran_Naqshe_Rostam_001.JPG,Iran_Naqshe_Rostam,Naqshe_Rostam,Iran,asia,1,.jpg,640,424,72788,71.08,0.07,RGB,JPEG
Iran_Naqshe_Rostam_002.jpg,Iran_Naqshe_Rostam_002.jpg,Iran_Naqshe_Rostam,Naqshe_Rostam,Iran,asia,2,.jpg,640,480,112116,109.49,0.11,RGB,JPEG
Iran_Narin_Castle_001.jpg,Iran_Narin_Castle_001.jpg,Iran_Narin_Castle,Narin_Castle,Iran,asia,1,.jpg,640,480,80043,78.17,0.08,RGB,JPEG
Iran_Narin_Castle_002.jpg,Iran_Narin_Castle_002.jpg,Iran_Narin_Castle,Narin_Castle,Iran,asia,2,.jpg,640,966,158321,154.61,0.15,RGB,JPEG
Iran_Narin_Castle_003.jpg,Iran_Narin_Castle_003.jpg,Iran_Narin_Castle,Narin_Castle,Iran,asia,3,.jpg,640,425,54688,53.41,0.05,RGB,JPEG
Iran_Negarestan_Garden_001.jpg,Iran_Negarestan_Garden_001.jpg,Iran_Negarestan_Garden,Negarestan_Garden,Iran,asia,1,.jpg,640,480,126448,123.48,0.12,RGB,JPEG
Iran_Negarestan_Garden_002.jpg,Iran_Negarestan_Garden_002.jpg,Iran_Negarestan_Garden,Negarestan_Garden,Iran,asia,2,.jpg,640,367,130188,127.14,0.12,RGB,JPEG
Iran_Niavaran_complex_001.jpg,Iran_Niavaran_complex_001.jpg,Iran_Niavaran_complex,Niavaran_complex,Iran,asia,1,.jpg,640,853,168702,164.75,0.16,RGB,JPEG
Iran_Niavaran_complex_002.jpg,Iran_Niavaran_complex_002.jpg,Iran_Niavaran_complex,Niavaran_complex,Iran,asia,2,.jpg,640,427,120474,117.65,0.11,RGB,JPEG
Iran_Niavaran_complex_003.jpg,Iran_Niavaran_complex_003.jpg,Iran_Niavaran_complex,Niavaran_complex,Iran,asia,3,.jpg,640,1135,248493,242.67,0.24,RGB,JPEG
Iran_Niavaran_Park_001.jpg,Iran_Niavaran_Park_001.jpg,Iran_Niavaran_Park,Niavaran_Park,Iran,asia,1,.jpg,640,480,94178,91.97,0.09,RGB,JPEG
Iran_Niavaran_Park_002.jpg,Iran_Niavaran_Park_002.jpg,Iran_Niavaran_Park,Niavaran_Park,Iran,asia,2,.jpg,640,480,110510,107.92,0.11,RGB,JPEG
Iran_Pasargad_001.jpg,Iran_Pasargad_001.jpg,Iran_Pasargad,Pasargad,Iran,asia,1,.jpg,640,474,105595,103.12,0.1,RGB,JPEG
Iran_Pasargad_002.jpg,Iran_Pasargad_002.jpg,Iran_Pasargad,Pasargad,Iran,asia,2,.jpg,640,757,181029,176.79,0.17,RGB,JPEG
Iran_Pasargad_003.jpg,Iran_Pasargad_003.jpg,Iran_Pasargad,Pasargad,Iran,asia,3,.jpg,640,480,70870,69.21,0.07,RGB,JPEG
Iran_Persepolis_gate_001.jpg,Iran_Persepolis_gate_001.jpg,Iran_Persepolis_gate,Persepolis_gate,Iran,asia,1,.jpg,640,874,201591,196.87,0.19,RGB,JPEG
Iran_Persepolis_gate_002.jpg,Iran_Persepolis_gate_002.jpg,Iran_Persepolis_gate,Persepolis_gate,Iran,asia,2,.jpg,640,481,47043,45.94,0.04,RGB,JPEG
Iran_Persepolis_gate_003.jpg,Iran_Persepolis_gate_003.jpg,Iran_Persepolis_gate,Persepolis_gate,Iran,asia,3,.jpg,640,853,107987,105.46,0.1,RGB,JPEG
Iran_Persepolis_gate_004.jpg,Iran_Persepolis_gate_004.jpg,Iran_Persepolis_gate,Persepolis_gate,Iran,asia,4,.jpg,640,480,61152,59.72,0.06,RGB,JPEG
Iran_Perspolis_001.jpg,Iran_Perspolis_001.jpg,Iran_Perspolis,Perspolis,Iran,asia,1,.jpg,640,960,100267,97.92,0.1,RGB,JPEG
Iran_Perspolis_002.jpg,Iran_Perspolis_002.jpg,Iran_Perspolis,Perspolis,Iran,asia,2,.jpg,640,960,134189,131.04,0.13,RGB,JPEG
Iran_Perspolis_003.jpg,Iran_Perspolis_003.jpg,Iran_Perspolis,Perspolis,Iran,asia,3,.jpg,640,425,54767,53.48,0.05,RGB,JPEG
Iran_Perspolis_004.jpg,Iran_Perspolis_004.jpg,Iran_Perspolis,Perspolis,Iran,asia,4,.jpg,640,427,59762,58.36,0.06,RGB,JPEG
Iran_Perspolis_005.jpg,Iran_Perspolis_005.jpg,Iran_Perspolis,Perspolis,Iran,asia,5,.jpg,640,426,72313,70.62,0.07,RGB,JPEG
Iran_Perspolis_006.jpg,Iran_Perspolis_006.jpg,Iran_Perspolis,Perspolis,Iran,asia,6,.jpg,640,960,126284,123.32,0.12,RGB,JPEG
Iran_Perspolis_007.jpg,Iran_Perspolis_007.jpg,Iran_Perspolis,Perspolis,Iran,asia,7,.jpg,640,386,64901,63.38,0.06,RGB,JPEG
Iran_Perspolis_008.jpg,Iran_Perspolis_008.jpg,Iran_Perspolis,Perspolis,Iran,asia,8,.jpg,640,960,167338,163.42,0.16,RGB,JPEG
Iran_Perspolis_009.jpg,Iran_Perspolis_009.jpg,Iran_Perspolis,Perspolis,Iran,asia,9,.jpg,640,427,77492,75.68,0.07,RGB,JPEG
Iran_Perspolis_010.jpg,Iran_Perspolis_010.jpg,Iran_Perspolis,Perspolis,Iran,asia,10,.jpg,640,480,66075,64.53,0.06,RGB,JPEG
Iran_Qasabeh_Qanat_001.jpg,Iran_Qasabeh_Qanat_001.jpg,Iran_Qasabeh_Qanat,Qasabeh_Qanat,Iran,asia,1,.jpg,640,427,105129,102.67,0.1,RGB,JPEG
Iran_Qasabeh_Qanat_002.jpg,Iran_Qasabeh_Qanat_002.jpg,Iran_Qasabeh_Qanat,Qasabeh_Qanat,Iran,asia,2,.jpg,640,427,93029,90.85,0.09,RGB,JPEG
Iran_Qazvin_Aali_Qapu_ayvon_001.JPG,Iran_Qazvin_Aali_Qapu_ayvon_001.JPG,Iran_Qazvin_Aali_Qapu_ayvon,Qazvin_Aali_Qapu_ayvon,Iran,asia,1,.jpg,640,853,127347,124.36,0.12,RGB,JPEG
Iran_Qazvin_Aali_Qapu_ayvon_002.JPG,Iran_Qazvin_Aali_Qapu_ayvon_002.JPG,Iran_Qazvin_Aali_Qapu_ayvon,Qazvin_Aali_Qapu_ayvon,Iran,asia,2,.jpg,640,853,127700,124.71,0.12,RGB,JPEG
Iran_Qazvin_Chehel_Sotun_001.jpg,Iran_Qazvin_Chehel_Sotun_001.jpg,Iran_Qazvin_Chehel_Sotun,Qazvin_Chehel_Sotun,Iran,asia,1,.jpg,640,480,141350,138.04,0.13,RGB,JPEG
Iran_Qazvin_Chehel_Sotun_002.jpg,Iran_Qazvin_Chehel_Sotun_002.jpg,Iran_Qazvin_Chehel_Sotun,Qazvin_Chehel_Sotun,Iran,asia,2,.jpg,640,480,128285,125.28,0.12,RGB,JPEG
Iran_Qazvin_Chehel_Sotun_003.jpg,Iran_Qazvin_Chehel_Sotun_003.jpg,Iran_Qazvin_Chehel_Sotun,Qazvin_Chehel_Sotun,Iran,asia,3,.jpg,640,360,85759,83.75,0.08,RGB,JPEG
Iran_Qom_Al-Asgari_Mosque_001.jpg,Iran_Qom_Al-Asgari_Mosque_001.jpg,Iran_Qom_Al-Asgari_Mosque,Qom_Al-Asgari_Mosque,Iran,asia,1,.jpg,640,426,59540,58.14,0.06,RGB,JPEG
Iran_Qom_Al-Asgari_Mosque_002.jpg,Iran_Qom_Al-Asgari_Mosque_002.jpg,Iran_Qom_Al-Asgari_Mosque,Qom_Al-Asgari_Mosque,Iran,asia,2,.jpg,640,465,41251,40.28,0.04,RGB,JPEG
Iran_Resket_Tower_001.JPG,Iran_Resket_Tower_001.JPG,Iran_Resket_Tower,Resket_Tower,Iran,asia,1,.jpg,640,480,77136,75.33,0.07,RGB,JPEG
Iran_Resket_Tower_002.jpg,Iran_Resket_Tower_002.jpg,Iran_Resket_Tower,Resket_Tower,Iran,asia,2,.jpg,640,480,81100,79.2,0.08,RGB,JPEG
Iran_Ribat_i_Sharaf_001.jpg,Iran_Ribat_i_Sharaf_001.jpg,Iran_Ribat_i_Sharaf,Ribat_i_Sharaf,Iran,asia,1,.jpg,640,398,92423,90.26,0.09,RGB,JPEG
Iran_Ribat_i_Sharaf_002.jpg,Iran_Ribat_i_Sharaf_002.jpg,Iran_Ribat_i_Sharaf,Ribat_i_Sharaf,Iran,asia,2,.jpg,640,424,71814,70.13,0.07,RGB,JPEG
Iran_Rostam_Castle_001.jpg,Iran_Rostam_Castle_001.jpg,Iran_Rostam_Castle,Rostam_Castle,Iran,asia,1,.jpg,640,427,103813,101.38,0.1,RGB,JPEG
Iran_Rostam_Castle_002.jpg,Iran_Rostam_Castle_002.jpg,Iran_Rostam_Castle,Rostam_Castle,Iran,asia,2,.jpg,640,427,100250,97.9,0.1,RGB,JPEG
Iran_Saat_Tower_001.jpg,Iran_Saat_Tower_001.jpg,Iran_Saat_Tower,Saat_Tower,Iran,asia,1,.jpg,640,640,170506,166.51,0.16,RGB,JPEG
Iran_Saat_Tower_002.jpg,Iran_Saat_Tower_002.jpg,Iran_Saat_Tower,Saat_Tower,Iran,asia,2,.jpg,640,1138,219329,214.19,0.21,RGB,JPEG
Iran_Saat_Tower_003.jpg,Iran_Saat_Tower_003.jpg,Iran_Saat_Tower,Saat_Tower,Iran,asia,3,.jpg,640,487,160855,157.08,0.15,RGB,JPEG
Iran_Saat_Tower_004.JPG,Iran_Saat_Tower_004.JPG,Iran_Saat_Tower,Saat_Tower,Iran,asia,4,.jpg,640,853,195834,191.24,0.19,RGB,JPEG
Iran_Saat_Tower_005.jpg,Iran_Saat_Tower_005.jpg,Iran_Saat_Tower,Saat_Tower,Iran,asia,5,.jpg,640,500,72592,70.89,0.07,RGB,JPEG
Iran_Sahebgharanieh_palace_001.jpg,Iran_Sahebgharanieh_palace_001.jpg,Iran_Sahebgharanieh_palace,Sahebgharanieh_palace,Iran,asia,1,.jpg,640,480,80451,78.57,0.08,RGB,JPEG
Iran_Sahebgharanieh_palace_002.jpg,Iran_Sahebgharanieh_palace_002.jpg,Iran_Sahebgharanieh_palace,Sahebgharanieh_palace,Iran,asia,2,.jpg,640,480,79171,77.32,0.08,RGB,JPEG
Iran_Sahebgharanieh_palace_003.jpg,Iran_Sahebgharanieh_palace_003.jpg,Iran_Sahebgharanieh_palace,Sahebgharanieh_palace,Iran,asia,3,.jpg,640,480,46746,45.65,0.04,RGB,JPEG
Iran_Saheb_ol_Amr_Mosque_001.JPG,Iran_Saheb_ol_Amr_Mosque_001.JPG,Iran_Saheb_ol_Amr_Mosque,Saheb_ol_Amr_Mosque,Iran,asia,1,.jpg,640,480,68876,67.26,0.07,RGB,JPEG
Iran_Saheb_ol_Amr_Mosque_002.jpg,Iran_Saheb_ol_Amr_Mosque_002.jpg,Iran_Saheb_ol_Amr_Mosque,Saheb_ol_Amr_Mosque,Iran,asia,2,.jpg,640,437,60910,59.48,0.06,RGB,JPEG
Iran_Saint_Stepanous_Exterior_001.jpg,Iran_Saint_Stepanous_Exterior_001.jpg,Iran_Saint_Stepanous_Exterior,Saint_Stepanous_Exterior,Iran,asia,1,.jpg,640,427,147220,143.77,0.14,RGB,JPEG
Iran_Saint_Stepanous_Exterior_002.jpg,Iran_Saint_Stepanous_Exterior_002.jpg,Iran_Saint_Stepanous_Exterior,Saint_Stepanous_Exterior,Iran,asia,2,.jpg,640,421,105386,102.92,0.1,RGB,JPEG
Iran_Saint_Thaddeus_001.jpg,Iran_Saint_Thaddeus_001.jpg,Iran_Saint_Thaddeus,Saint_Thaddeus,Iran,asia,1,.jpg,640,480,99366,97.04,0.09,RGB,JPEG
Iran_Saint_Thaddeus_002.JPG,Iran_Saint_Thaddeus_002.JPG,Iran_Saint_Thaddeus,Saint_Thaddeus,Iran,asia,2,.jpg,640,480,67188,65.61,0.06,RGB,JPEG
Iran_Saint_Thaddeus_003.jpg,Iran_Saint_Thaddeus_003.jpg,Iran_Saint_Thaddeus,Saint_Thaddeus,Iran,asia,3,.jpg,640,360,53524,52.27,0.05,RGB,JPEG
Iran_Saray_Moshir_001.jpg,Iran_Saray_Moshir_001.jpg,Iran_Saray_Moshir,Saray_Moshir,Iran,asia,1,.jpg,640,427,65830,64.29,0.06,RGB,JPEG
Iran_Saray_Moshir_002.jpg,Iran_Saray_Moshir_002.jpg,Iran_Saray_Moshir,Saray_Moshir,Iran,asia,2,.jpg,640,427,67755,66.17,0.06,RGB,JPEG
Iran_Sardar_Mofakgam_001.jpg,Iran_Sardar_Mofakgam_001.jpg,Iran_Sardar_Mofakgam,Sardar_Mofakgam,Iran,asia,1,.jpg,640,427,112799,110.16,0.11,RGB,JPEG
Iran_Sardar_Mofakgam_002.jpg,Iran_Sardar_Mofakgam_002.jpg,Iran_Sardar_Mofakgam,Sardar_Mofakgam,Iran,asia,2,.jpg,640,960,118185,115.42,0.11,RGB,JPEG
Iran_Sardar_Mofakgam_003.jpg,Iran_Sardar_Mofakgam_003.jpg,Iran_Sardar_Mofakgam,Sardar_Mofakgam,Iran,asia,3,.jpg,640,427,85180,83.18,0.08,RGB,JPEG
Iran_Sardar_Mofakgam_004.jpg,Iran_Sardar_Mofakgam_004.jpg,Iran_Sardar_Mofakgam,Sardar_Mofakgam,Iran,asia,4,.jpg,640,427,106507,104.01,0.1,RGB,JPEG
Iran_Sardar_Mofakgam_005.jpg,Iran_Sardar_Mofakgam_005.jpg,Iran_Sardar_Mofakgam,Sardar_Mofakgam,Iran,asia,5,.jpg,640,427,112799,110.16,0.11,RGB,JPEG
Iran_Sardar_Mofakgam_006.jpg,Iran_Sardar_Mofakgam_006.jpg,Iran_Sardar_Mofakgam,Sardar_Mofakgam,Iran,asia,6,.jpg,640,390,107619,105.1,0.1,RGB,JPEG
Iran_Sardar_Mofakgam_007.jpg,Iran_Sardar_Mofakgam_007.jpg,Iran_Sardar_Mofakgam,Sardar_Mofakgam,Iran,asia,7,.jpg,640,925,282655,276.03,0.27,RGB,JPEG
Iran_Sardar_Mofakgam_008.jpg,Iran_Sardar_Mofakgam_008.jpg,Iran_Sardar_Mofakgam,Sardar_Mofakgam,Iran,asia,8,.jpg,640,427,77181,75.37,0.07,RGB,JPEG
Iran_Sardar_Mofakgam_009.jpg,Iran_Sardar_Mofakgam_009.jpg,Iran_Sardar_Mofakgam,Sardar_Mofakgam,Iran,asia,9,.jpg,640,427,68587,66.98,0.07,RGB,JPEG
Iran_Sardar_Mofakgam_010.jpg,Iran_Sardar_Mofakgam_010.jpg,Iran_Sardar_Mofakgam,Sardar_Mofakgam,Iran,asia,10,.jpg,640,960,216864,211.78,0.21,RGB,JPEG
Iran_Shafagh_Park_001.jpg,Iran_Shafagh_Park_001.jpg,Iran_Shafagh_Park,Shafagh_Park,Iran,asia,1,.jpg,640,360,83751,81.79,0.08,RGB,JPEG
Iran_Shafagh_Park_002.jpg,Iran_Shafagh_Park_002.jpg,Iran_Shafagh_Park,Shafagh_Park,Iran,asia,2,.jpg,640,360,83234,81.28,0.08,RGB,JPEG
Iran_Shahrestan_Bridge_001.jpg,Iran_Shahrestan_Bridge_001.jpg,Iran_Shahrestan_Bridge,Shahrestan_Bridge,Iran,asia,1,.jpg,640,480,62285,60.83,0.06,RGB,JPEG
Iran_Shahrestan_Bridge_002.jpg,Iran_Shahrestan_Bridge_002.jpg,Iran_Shahrestan_Bridge,Shahrestan_Bridge,Iran,asia,2,.jpg,640,480,93839,91.64,0.09,RGB,JPEG
Iran_Shah_Nematollah_Vali_001.jpg,Iran_Shah_Nematollah_Vali_001.jpg,Iran_Shah_Nematollah_Vali,Shah_Nematollah_Vali,Iran,asia,1,.jpg,640,960,139061,135.8,0.13,RGB,JPEG
Iran_Shah_Nematollah_Vali_002.jpg,Iran_Shah_Nematollah_Vali_002.jpg,Iran_Shah_Nematollah_Vali,Shah_Nematollah_Vali,Iran,asia,2,.jpg,640,427,65277,63.75,0.06,RGB,JPEG
Iran_Shah_Nematollah_Vali_003.jpg,Iran_Shah_Nematollah_Vali_003.jpg,Iran_Shah_Nematollah_Vali,Shah_Nematollah_Vali,Iran,asia,3,.jpg,640,480,49734,48.57,0.05,RGB,JPEG
Iran_Shah_Nematollah_Vali_004.jpg,Iran_Shah_Nematollah_Vali_004.jpg,Iran_Shah_Nematollah_Vali,Shah_Nematollah_Vali,Iran,asia,4,.jpg,640,480,65450,63.92,0.06,RGB,JPEG
Iran_Shiekh_Ahamd_e_Jami_001.jpg,Iran_Shiekh_Ahamd_e_Jami_001.jpg,Iran_Shiekh_Ahamd_e_Jami,Shiekh_Ahamd_e_Jami,Iran,asia,1,.jpg,640,480,129757,126.72,0.12,RGB,JPEG
Iran_Shiekh_Ahamd_e_Jami_002.jpg,Iran_Shiekh_Ahamd_e_Jami_002.jpg,Iran_Shiekh_Ahamd_e_Jami,Shiekh_Ahamd_e_Jami,Iran,asia,2,.jpg,640,480,101306,98.93,0.1,RGB,JPEG
Iran_Shushtar_Historical_Hydraulic_System_Darafsh_001.jpg,Iran_Shushtar_Historical_Hydraulic_System_Darafsh_001.jpg,Iran_Shushtar_Historical_Hydraulic_System_Darafsh,Shushtar_Historical_Hydraulic_System_Darafsh,Iran,asia,1,.jpg,640,424,81802,79.88,0.08,RGB,JPEG
Iran_Shushtar_Historical_Hydraulic_System_Darafsh_002.jpg,Iran_Shushtar_Historical_Hydraulic_System_Darafsh_002.jpg,Iran_Shushtar_Historical_Hydraulic_System_Darafsh,Shushtar_Historical_Hydraulic_System_Darafsh,Iran,asia,2,.jpg,640,480,94587,92.37,0.09,RGB,JPEG
Iran_Shushtar_Historical_Hydraulic_System_Darafsh_003.jpg,Iran_Shushtar_Historical_Hydraulic_System_Darafsh_003.jpg,Iran_Shushtar_Historical_Hydraulic_System_Darafsh,Shushtar_Historical_Hydraulic_System_Darafsh,Iran,asia,3,.jpg,640,424,95379,93.14,0.09,RGB,JPEG
Iran_Stone_lion_of_Hamedan_001.jpg,Iran_Stone_lion_of_Hamedan_001.jpg,Iran_Stone_lion_of_Hamedan,Stone_lion_of_Hamedan,Iran,asia,1,.jpg,640,459,128804,125.79,0.12,RGB,JPEG
Iran_Stone_lion_of_Hamedan_002.JPG,Iran_Stone_lion_of_Hamedan_002.JPG,Iran_Stone_lion_of_Hamedan,Stone_lion_of_Hamedan,Iran,asia,2,.jpg,640,360,72040,70.35,0.07,RGB,JPEG
Iran_Stone_lion_of_Hamedan_003.JPG,Iran_Stone_lion_of_Hamedan_003.JPG,Iran_Stone_lion_of_Hamedan,Stone_lion_of_Hamedan,Iran,asia,3,.jpg,640,360,84459,82.48,0.08,RGB,JPEG
Iran_Stone_lion_of_Hamedan_004.JPG,Iran_Stone_lion_of_Hamedan_004.JPG,Iran_Stone_lion_of_Hamedan,Stone_lion_of_Hamedan,Iran,asia,4,.jpg,640,360,94075,91.87,0.09,RGB,JPEG
Iran_St_Stepanos_Cathedral_001.jpg,Iran_St_Stepanos_Cathedral_001.jpg,Iran_St_Stepanos_Cathedral,St_Stepanos_Cathedral,Iran,asia,1,.jpg,640,853,210285,205.36,0.2,RGB,JPEG
Iran_St_Stepanos_Cathedral_002.jpg,Iran_St_Stepanos_Cathedral_002.jpg,Iran_St_Stepanos_Cathedral,St_Stepanos_Cathedral,Iran,asia,2,.jpg,640,427,84963,82.97,0.08,RGB,JPEG
Iran_St_Stepanos_Cathedral_003.jpg,Iran_St_Stepanos_Cathedral_003.jpg,Iran_St_Stepanos_Cathedral,St_Stepanos_Cathedral,Iran,asia,3,.jpg,640,853,138679,135.43,0.13,RGB,JPEG
Iran_Sun_Palace_001.jpg,Iran_Sun_Palace_001.jpg,Iran_Sun_Palace,Sun_Palace,Iran,asia,1,.jpg,640,584,132106,129.01,0.13,RGB,JPEG
Iran_Sun_Palace_002.jpg,Iran_Sun_Palace_002.jpg,Iran_Sun_Palace,Sun_Palace,Iran,asia,2,.jpg,640,426,103755,101.32,0.1,RGB,JPEG
Iran_Tabriz_Cable_Bridge_001.JPG,Iran_Tabriz_Cable_Bridge_001.JPG,Iran_Tabriz_Cable_Bridge,Tabriz_Cable_Bridge,Iran,asia,1,.jpg,640,480,77130,75.32,0.07,RGB,JPEG
Iran_Tabriz_Cable_Bridge_002.jpg,Iran_Tabriz_Cable_Bridge_002.jpg,Iran_Tabriz_Cable_Bridge,Tabriz_Cable_Bridge,Iran,asia,2,.jpg,640,325,44344,43.3,0.04,RGB,JPEG
Iran_Tabriz_Cable_Bridge_003.jpg,Iran_Tabriz_Cable_Bridge_003.jpg,Iran_Tabriz_Cable_Bridge,Tabriz_Cable_Bridge,Iran,asia,3,.jpg,640,480,67753,66.17,0.06,RGB,JPEG
Iran_Tabriz_Poets_Tomb_001.jpg,Iran_Tabriz_Poets_Tomb_001.jpg,Iran_Tabriz_Poets_Tomb,Tabriz_Poets_Tomb,Iran,asia,1,.jpg,640,480,127422,124.44,0.12,RGB,JPEG
Iran_Tabriz_Poets_Tomb_002.JPG,Iran_Tabriz_Poets_Tomb_002.JPG,Iran_Tabriz_Poets_Tomb,Tabriz_Poets_Tomb,Iran,asia,2,.jpg,640,480,56752,55.42,0.05,RGB,JPEG
Iran_Takhti_Gymnastium_001.jpg,Iran_Takhti_Gymnastium_001.jpg,Iran_Takhti_Gymnastium,Takhti_Gymnastium,Iran,asia,1,.jpg,640,853,113720,111.05,0.11,RGB,JPEG
Iran_Takhti_Gymnastium_002.jpg,Iran_Takhti_Gymnastium_002.jpg,Iran_Takhti_Gymnastium,Takhti_Gymnastium,Iran,asia,2,.jpg,640,480,48137,47.01,0.05,RGB,JPEG
Iran_Takhti_Gymnastium_003.jpg,Iran_Takhti_Gymnastium_003.jpg,Iran_Takhti_Gymnastium,Takhti_Gymnastium,Iran,asia,3,.jpg,640,480,73594,71.87,0.07,RGB,JPEG
Iran_Takhti_Gymnastium_004.jpg,Iran_Takhti_Gymnastium_004.jpg,Iran_Takhti_Gymnastium,Takhti_Gymnastium,Iran,asia,4,.jpg,640,480,65545,64.01,0.06,RGB,JPEG
Iran_Tappeh_Mill_001.jpg,Iran_Tappeh_Mill_001.jpg,Iran_Tappeh_Mill,Tappeh_Mill,Iran,asia,1,.jpg,640,427,69562,67.93,0.07,RGB,JPEG
Iran_Tappeh_Mill_002.jpg,Iran_Tappeh_Mill_002.jpg,Iran_Tappeh_Mill,Tappeh_Mill,Iran,asia,2,.jpg,640,427,116478,113.75,0.11,RGB,JPEG
Iran_Tappeh_Mill_003.jpg,Iran_Tappeh_Mill_003.jpg,Iran_Tappeh_Mill,Tappeh_Mill,Iran,asia,3,.jpg,640,427,74271,72.53,0.07,RGB,JPEG
Iran_Taq-e_Gara_001.jpg,Iran_Taq-e_Gara_001.jpg,Iran_Taq-e_Gara,Taq-e_Gara,Iran,asia,1,.jpg,640,939,191334,186.85,0.18,RGB,JPEG
Iran_Taq-e_Gara_002.jpg,Iran_Taq-e_Gara_002.jpg,Iran_Taq-e_Gara,Taq-e_Gara,Iran,asia,2,.jpg,640,425,75424,73.66,0.07,RGB,JPEG
"Iran_Tarikhaneh,_Damghan_001.jpg","Iran_Tarikhaneh,_Damghan_001.jpg","Iran_Tarikhaneh,_Damghan","Tarikhaneh,_Damghan",Iran,asia,1,.jpg,640,427,53164,51.92,0.05,RGB,JPEG
"Iran_Tarikhaneh,_Damghan_002.jpg","Iran_Tarikhaneh,_Damghan_002.jpg","Iran_Tarikhaneh,_Damghan","Tarikhaneh,_Damghan",Iran,asia,2,.jpg,640,427,64810,63.29,0.06,RGB,JPEG
"Iran_Tarikhaneh,_Damghan_003.jpg","Iran_Tarikhaneh,_Damghan_003.jpg","Iran_Tarikhaneh,_Damghan","Tarikhaneh,_Damghan",Iran,asia,3,.jpg,640,480,61556,60.11,0.06,RGB,JPEG
"Iran_Tarikhaneh,_Damghan_004.jpg","Iran_Tarikhaneh,_Damghan_004.jpg","Iran_Tarikhaneh,_Damghan","Tarikhaneh,_Damghan",Iran,asia,4,.jpg,640,427,72748,71.04,0.07,RGB,JPEG
Iran_Tomb_of_Babataher_001.jpg,Iran_Tomb_of_Babataher_001.jpg,Iran_Tomb_of_Babataher,Tomb_of_Babataher,Iran,asia,1,.jpg,640,427,98026,95.73,0.09,RGB,JPEG
Iran_Tomb_of_Babataher_002.jpg,Iran_Tomb_of_Babataher_002.jpg,Iran_Tomb_of_Babataher,Tomb_of_Babataher,Iran,asia,2,.jpg,640,853,158195,154.49,0.15,RGB,JPEG
Iran_Tomb_of_Danial_001.jpg,Iran_Tomb_of_Danial_001.jpg,Iran_Tomb_of_Danial,Tomb_of_Danial,Iran,asia,1,.jpg,640,853,109577,107.01,0.1,RGB,JPEG
Iran_Tomb_of_Danial_002.jpg,Iran_Tomb_of_Danial_002.jpg,Iran_Tomb_of_Danial,Tomb_of_Danial,Iran,asia,2,.jpg,640,800,187413,183.02,0.18,RGB,JPEG
Iran_Tomb_of_Danial_tower_001.jpg,Iran_Tomb_of_Danial_tower_001.jpg,Iran_Tomb_of_Danial_tower,Tomb_of_Danial_tower,Iran,asia,1,.jpg,640,480,67991,66.4,0.06,RGB,JPEG
Iran_Tomb_of_Danial_tower_002.jpg,Iran_Tomb_of_Danial_tower_002.jpg,Iran_Tomb_of_Danial_tower,Tomb_of_Danial_tower,Iran,asia,2,.jpg,640,966,154686,151.06,0.15,RGB,JPEG
Iran_Tomb_of_Great_Syrus_001.jpg,Iran_Tomb_of_Great_Syrus_001.jpg,Iran_Tomb_of_Great_Syrus,Tomb_of_Great_Syrus,Iran,asia,1,.jpg,640,480,59945,58.54,0.06,RGB,JPEG
Iran_Tomb_of_Great_Syrus_002.jpg,Iran_Tomb_of_Great_Syrus_002.jpg,Iran_Tomb_of_Great_Syrus,Tomb_of_Great_Syrus,Iran,asia,2,.jpg,640,427,65550,64.01,0.06,RGB,JPEG
Iran_Tomb_of_Kamalolmolk_001.jpg,Iran_Tomb_of_Kamalolmolk_001.jpg,Iran_Tomb_of_Kamalolmolk,Tomb_of_Kamalolmolk,Iran,asia,1,.jpg,640,427,143555,140.19,0.14,RGB,JPEG
Iran_Tomb_of_Kamalolmolk_002.jpg,Iran_Tomb_of_Kamalolmolk_002.jpg,Iran_Tomb_of_Kamalolmolk,Tomb_of_Kamalolmolk,Iran,asia,2,.jpg,640,640,249808,243.95,0.24,RGB,JPEG
Iran_Tomb_of_Nader_shah_001.jpg,Iran_Tomb_of_Nader_shah_001.jpg,Iran_Tomb_of_Nader_shah,Tomb_of_Nader_shah,Iran,asia,1,.jpg,640,638,100052,97.71,0.1,RGB,JPEG
Iran_Tomb_of_Nader_shah_002.jpg,Iran_Tomb_of_Nader_shah_002.jpg,Iran_Tomb_of_Nader_shah,Tomb_of_Nader_shah,Iran,asia,2,.jpg,640,959,213858,208.85,0.2,RGB,JPEG
Iran_Tomb_of_Nader_shah_003.jpg,Iran_Tomb_of_Nader_shah_003.jpg,Iran_Tomb_of_Nader_shah,Tomb_of_Nader_shah,Iran,asia,3,.jpg,640,480,92365,90.2,0.09,RGB,JPEG
Iran_Tomb_of_Shams_Tabrizi_001.jpg,Iran_Tomb_of_Shams_Tabrizi_001.jpg,Iran_Tomb_of_Shams_Tabrizi,Tomb_of_Shams_Tabrizi,Iran,asia,1,.jpg,640,360,60035,58.63,0.06,RGB,JPEG
Iran_Tomb_of_Shams_Tabrizi_002.JPG,Iran_Tomb_of_Shams_Tabrizi_002.JPG,Iran_Tomb_of_Shams_Tabrizi,Tomb_of_Shams_Tabrizi,Iran,asia,2,.jpg,640,360,61174,59.74,0.06,RGB,JPEG
Iran_Tomb_of_Shams_Tabrizi_003.JPG,Iran_Tomb_of_Shams_Tabrizi_003.JPG,Iran_Tomb_of_Shams_Tabrizi,Tomb_of_Shams_Tabrizi,Iran,asia,3,.jpg,640,1138,152397,148.83,0.15,RGB,JPEG
Iran_Toopkhune_001.jpg,Iran_Toopkhune_001.jpg,Iran_Toopkhune,Toopkhune,Iran,asia,1,.jpg,640,480,117154,114.41,0.11,RGB,JPEG
Iran_Toopkhune_002.jpg,Iran_Toopkhune_002.jpg,Iran_Toopkhune,Toopkhune,Iran,asia,2,.jpg,640,851,110892,108.29,0.11,RGB,JPEG
Iran_Toopkhune_003.jpg,Iran_Toopkhune_003.jpg,Iran_Toopkhune,Toopkhune,Iran,asia,3,.jpg,640,853,157162,153.48,0.15,RGB,JPEG
Iran_Tree_Bagh_e_eram_shiraz_001.jpg,Iran_Tree_Bagh_e_eram_shiraz_001.jpg,Iran_Tree_Bagh_e_eram_shiraz,Tree_Bagh_e_eram_shiraz,Iran,asia,1,.jpg,640,480,93138,90.96,0.09,RGB,JPEG
Iran_Tree_Bagh_e_eram_shiraz_002.jpg,Iran_Tree_Bagh_e_eram_shiraz_002.jpg,Iran_Tree_Bagh_e_eram_shiraz,Tree_Bagh_e_eram_shiraz,Iran,asia,2,.jpg,640,383,99071,96.75,0.09,RGB,JPEG
Iran_Tree_Bagh_e_eram_shiraz_003.jpg,Iran_Tree_Bagh_e_eram_shiraz_003.jpg,Iran_Tree_Bagh_e_eram_shiraz,Tree_Bagh_e_eram_shiraz,Iran,asia,3,.jpg,640,427,81943,80.02,0.08,RGB,JPEG
Iran_Vanak_Cathedral_001.jpg,Iran_Vanak_Cathedral_001.jpg,Iran_Vanak_Cathedral,Vanak_Cathedral,Iran,asia,1,.jpg,640,480,79906,78.03,0.08,RGB,JPEG
Iran_Vanak_Cathedral_002.jpg,Iran_Vanak_Cathedral_002.jpg,Iran_Vanak_Cathedral,Vanak_Cathedral,Iran,asia,2,.jpg,640,480,76183,74.4,0.07,RGB,JPEG
Iran_Zahhak_Castle_001.jpg,Iran_Zahhak_Castle_001.jpg,Iran_Zahhak_Castle,Zahhak_Castle,Iran,asia,1,.jpg,640,427,81728,79.81,0.08,RGB,JPEG
Iran_Zahhak_Castle_002.jpg,Iran_Zahhak_Castle_002.jpg,Iran_Zahhak_Castle,Zahhak_Castle,Iran,asia,2,.jpg,640,640,166555,162.65,0.16,RGB,JPEG
Iran_Zahhak_Castle_003.jpg,Iran_Zahhak_Castle_003.jpg,Iran_Zahhak_Castle,Zahhak_Castle,Iran,asia,3,.jpg,640,959,93853,91.65,0.09,RGB,JPEG
Israel_Abraham_Well_001.jpg,Israel_Abraham_Well_001.jpg,Israel_Abraham_Well,Abraham_Well,Israel,asia,1,.jpg,640,1132,92204,90.04,0.09,RGB,JPEG
Israel_Abraham_Well_002.jpg,Israel_Abraham_Well_002.jpg,Israel_Abraham_Well,Abraham_Well,Israel,asia,2,.jpg,640,362,37472,36.59,0.04,RGB,JPEG
Israel_Abu_Nabut_Trough_001.JPG,Israel_Abu_Nabut_Trough_001.JPG,Israel_Abu_Nabut_Trough,Abu_Nabut_Trough,Israel,asia,1,.jpg,640,427,123713,120.81,0.12,RGB,JPEG
Israel_Abu_Nabut_Trough_002.jpg,Israel_Abu_Nabut_Trough_002.jpg,Israel_Abu_Nabut_Trough,Abu_Nabut_Trough,Israel,asia,2,.jpg,640,480,100322,97.97,0.1,RGB,JPEG
Israel_Abu_Nabut_Trough_003.JPG,Israel_Abu_Nabut_Trough_003.JPG,Israel_Abu_Nabut_Trough,Abu_Nabut_Trough,Israel,asia,3,.jpg,640,427,110809,108.21,0.11,RGB,JPEG
Israel_Achziv_001.jpg,Israel_Achziv_001.jpg,Israel_Achziv,Achziv,Israel,asia,1,.jpg,640,427,90564,88.44,0.09,RGB,JPEG
Israel_Achziv_002.jpg,Israel_Achziv_002.jpg,Israel_Achziv,Achziv,Israel,asia,2,.jpg,640,427,92033,89.88,0.09,RGB,JPEG
Israel_Achziv_003.jpg,Israel_Achziv_003.jpg,Israel_Achziv,Achziv,Israel,asia,3,.jpg,640,360,80312,78.43,0.08,RGB,JPEG
Israel_Achziv_004.jpg,Israel_Achziv_004.jpg,Israel_Achziv,Achziv,Israel,asia,4,.jpg,640,480,85887,83.87,0.08,RGB,JPEG
Israel_Akeldama_001.jpg,Israel_Akeldama_001.jpg,Israel_Akeldama,Akeldama,Israel,asia,1,.jpg,640,853,86678,84.65,0.08,RGB,JPEG
Israel_Akeldama_002.jpg,Israel_Akeldama_002.jpg,Israel_Akeldama,Akeldama,Israel,asia,2,.jpg,640,853,112998,110.35,0.11,RGB,JPEG
Israel_Akko_Mosque_001.jpg,Israel_Akko_Mosque_001.jpg,Israel_Akko_Mosque,Akko_Mosque,Israel,asia,1,.jpg,640,480,50809,49.62,0.05,RGB,JPEG
Israel_Akko_Mosque_002.jpg,Israel_Akko_Mosque_002.jpg,Israel_Akko_Mosque,Akko_Mosque,Israel,asia,2,.jpg,640,480,75209,73.45,0.07,RGB,JPEG
Israel_Alexandroni_Brigade_Memorial_001.JPG,Israel_Alexandroni_Brigade_Memorial_001.JPG,Israel_Alexandroni_Brigade_Memorial,Alexandroni_Brigade_Memorial,Israel,asia,1,.jpg,640,480,75617,73.84,0.07,RGB,JPEG
Israel_Alexandroni_Brigade_Memorial_002.JPG,Israel_Alexandroni_Brigade_Memorial_002.JPG,Israel_Alexandroni_Brigade_Memorial,Alexandroni_Brigade_Memorial,Israel,asia,2,.jpg,640,480,63251,61.77,0.06,RGB,JPEG
Israel_Al_Jarina_Mosque_001.JPG,Israel_Al_Jarina_Mosque_001.JPG,Israel_Al_Jarina_Mosque,Al_Jarina_Mosque,Israel,asia,1,.jpg,640,480,77001,75.2,0.07,RGB,JPEG
Israel_Al_Jarina_Mosque_002.jpg,Israel_Al_Jarina_Mosque_002.jpg,Israel_Al_Jarina_Mosque,Al_Jarina_Mosque,Israel,asia,2,.jpg,640,960,147176,143.73,0.14,RGB,JPEG
Israel_Al_Jarina_Mosque_003.jpg,Israel_Al_Jarina_Mosque_003.jpg,Israel_Al_Jarina_Mosque,Al_Jarina_Mosque,Israel,asia,3,.jpg,640,1138,204829,200.03,0.2,RGB,JPEG
Israel_Al_Jarina_Mosque_004.jpg,Israel_Al_Jarina_Mosque_004.jpg,Israel_Al_Jarina_Mosque,Al_Jarina_Mosque,Israel,asia,4,.jpg,640,960,147176,143.73,0.14,RGB,JPEG
Israel_Al_Jarina_Mosque_005.jpg,Israel_Al_Jarina_Mosque_005.jpg,Israel_Al_Jarina_Mosque,Al_Jarina_Mosque,Israel,asia,5,.jpg,640,640,108286,105.75,0.1,RGB,JPEG
Israel_Amram_columns_001.jpg,Israel_Amram_columns_001.jpg,Israel_Amram_columns,Amram_columns,Israel,asia,1,.jpg,640,480,111590,108.97,0.11,RGB,JPEG
Israel_Amram_columns_002.JPG,Israel_Amram_columns_002.JPG,Israel_Amram_columns,Amram_columns,Israel,asia,2,.jpg,640,480,85897,83.88,0.08,RGB,JPEG
Israel_Ancient_Synagogue_shfaram_001.jpg,Israel_Ancient_Synagogue_shfaram_001.jpg,Israel_Ancient_Synagogue_shfaram,Ancient_Synagogue_shfaram,Israel,asia,1,.jpg,640,480,89476,87.38,0.09,RGB,JPEG
Israel_Ancient_Synagogue_shfaram_002.jpg,Israel_Ancient_Synagogue_shfaram_002.jpg,Israel_Ancient_Synagogue_shfaram,Ancient_Synagogue_shfaram,Israel,asia,2,.jpg,640,853,184490,180.17,0.18,RGB,JPEG
Israel_Antipatris-general_001.jpg,Israel_Antipatris-general_001.jpg,Israel_Antipatris-general,Antipatris-general,Israel,asia,1,.jpg,640,480,123835,120.93,0.12,RGB,JPEG
Israel_Armenian_Quarter_001.JPG,Israel_Armenian_Quarter_001.JPG,Israel_Armenian_Quarter,Armenian_Quarter,Israel,asia,1,.jpg,640,853,163381,159.55,0.16,RGB,JPEG
Israel_Armenian_Quarter_002.jpg,Israel_Armenian_Quarter_002.jpg,Israel_Armenian_Quarter,Armenian_Quarter,Israel,asia,2,.jpg,640,480,65680,64.14,0.06,RGB,JPEG
Israel_Armored_Brigade_Memorial_in_Golan_Heights_001.JPG,Israel_Armored_Brigade_Memorial_in_Golan_Heights_001.JPG,Israel_Armored_Brigade_Memorial_in_Golan_Heights,Armored_Brigade_Memorial_in_Golan_Heights,Israel,asia,1,.jpg,640,480,83824,81.86,0.08,RGB,JPEG
Israel_Armored_Brigade_Memorial_in_Golan_Heights_002.JPG,Israel_Armored_Brigade_Memorial_in_Golan_Heights_002.JPG,Israel_Armored_Brigade_Memorial_in_Golan_Heights,Armored_Brigade_Memorial_in_Golan_Heights,Israel,asia,2,.jpg,640,480,100859,98.5,0.1,RGB,JPEG
Israel_Ascension_Church_001.jpg,Israel_Ascension_Church_001.jpg,Israel_Ascension_Church,Ascension_Church,Israel,asia,1,.jpg,640,853,170510,166.51,0.16,RGB,JPEG
Israel_Ascension_Church_002.jpg,Israel_Ascension_Church_002.jpg,Israel_Ascension_Church,Ascension_Church,Israel,asia,2,.jpg,640,371,79211,77.35,0.08,RGB,JPEG
Israel_Ashkelon_National_Park_001.JPG,Israel_Ashkelon_National_Park_001.JPG,Israel_Ashkelon_National_Park,Ashkelon_National_Park,Israel,asia,1,.jpg,640,480,105985,103.5,0.1,RGB,JPEG
Israel_Ashkelon_National_Park_002.jpg,Israel_Ashkelon_National_Park_002.jpg,Israel_Ashkelon_National_Park,Ashkelon_National_Park,Israel,asia,2,.jpg,640,853,148151,144.68,0.14,RGB,JPEG
Israel_Ashkelon_National_Park_003.jpg,Israel_Ashkelon_National_Park_003.jpg,Israel_Ashkelon_National_Park,Ashkelon_National_Park,Israel,asia,3,.jpg,640,427,94335,92.12,0.09,RGB,JPEG
Israel_Azrieli_Center_001.JPG,Israel_Azrieli_Center_001.JPG,Israel_Azrieli_Center,Azrieli_Center,Israel,asia,1,.jpg,640,960,132051,128.96,0.13,RGB,JPEG
Israel_Azrieli_Center_002.jpg,Israel_Azrieli_Center_002.jpg,Israel_Azrieli_Center,Azrieli_Center,Israel,asia,2,.jpg,640,853,251756,245.86,0.24,RGB,JPEG
Israel_Azrieli_Center_003.jpg,Israel_Azrieli_Center_003.jpg,Israel_Azrieli_Center,Azrieli_Center,Israel,asia,3,.jpg,640,841,196687,192.08,0.19,RGB,JPEG
Israel_Garden_of_American_Colony_001.jpg,Israel_Garden_of_American_Colony_001.jpg,Israel_Garden_of_American_Colony,Garden_of_American_Colony,Israel,asia,1,.jpg,640,427,153940,150.33,0.15,RGB,JPEG
Israel_Garden_of_American_Colony_002.jpg,Israel_Garden_of_American_Colony_002.jpg,Israel_Garden_of_American_Colony,Garden_of_American_Colony,Israel,asia,2,.jpg,640,480,127282,124.3,0.12,RGB,JPEG
Israel_Garden_of_American_Colony_003.jpg,Israel_Garden_of_American_Colony_003.jpg,Israel_Garden_of_American_Colony,Garden_of_American_Colony,Israel,asia,3,.jpg,640,960,272017,265.64,0.26,RGB,JPEG
Israel_Memorial_to_the_helicopter_disaster_001.jpg,Israel_Memorial_to_the_helicopter_disaster_001.jpg,Israel_Memorial_to_the_helicopter_disaster,Memorial_to_the_helicopter_disaster,Israel,asia,1,.jpg,640,427,89301,87.21,0.09,RGB,JPEG
Israel_Memorial_to_the_helicopter_disaster_002.jpg,Israel_Memorial_to_the_helicopter_disaster_002.jpg,Israel_Memorial_to_the_helicopter_disaster,Memorial_to_the_helicopter_disaster,Israel,asia,2,.jpg,640,480,83636,81.68,0.08,RGB,JPEG
Israel_Ozvat_Saar_memorial_001.JPG,Israel_Ozvat_Saar_memorial_001.JPG,Israel_Ozvat_Saar_memorial,Ozvat_Saar_memorial,Israel,asia,1,.jpg,640,427,76750,74.95,0.07,RGB,JPEG
Israel_Ozvat_Saar_memorial_002.JPG,Israel_Ozvat_Saar_memorial_002.JPG,Israel_Ozvat_Saar_memorial,Ozvat_Saar_memorial,Israel,asia,2,.jpg,640,480,115727,113.01,0.11,RGB,JPEG
Israel_TA_Afeka_caves_001.jpg,Israel_TA_Afeka_caves_001.jpg,Israel_TA_Afeka_caves,TA_Afeka_caves,Israel,asia,1,.jpg,640,450,140743,137.44,0.13,RGB,JPEG
Israel_TA_Afeka_caves_002.jpg,Israel_TA_Afeka_caves_002.jpg,Israel_TA_Afeka_caves,TA_Afeka_caves,Israel,asia,2,.jpg,640,360,113929,111.26,0.11,RGB,JPEG
Israel_Unconfirmed 836537.crdownload_001.jpg,Israel_Unconfirmed 836537.crdownload_001.jpg,Israel_Unconfirmed 836537.crdownload,Unconfirmed 836537.crdownload,Israel,asia,1,.jpg,640,480,82145,80.22,0.08,RGB,JPEG
Israel_Unconfirmed 932210.crdownload_001.jpg,Israel_Unconfirmed 932210.crdownload_001.jpg,Israel_Unconfirmed 932210.crdownload,Unconfirmed 932210.crdownload,Israel,asia,1,.jpg,640,853,181962,177.7,0.17,RGB,JPEG
Oman_Nakhl_Fort_001.jpg,Oman_Nakhl_Fort_001.jpg,Oman_Nakhl_Fort,Nakhl_Fort,Oman,asia,1,.jpg,640,457,97417,95.13,0.09,RGB,JPEG
Oman_Nakhl_Fort_002.jpg,Oman_Nakhl_Fort_002.jpg,Oman_Nakhl_Fort,Nakhl_Fort,Oman,asia,2,.jpg,640,480,77513,75.7,0.07,RGB,JPEG
Oman_Nakhl_Fort_003.jpg,Oman_Nakhl_Fort_003.jpg,Oman_Nakhl_Fort,Nakhl_Fort,Oman,asia,3,.jpg,640,480,63657,62.17,0.06,RGB,JPEG
Oman_Nizwa_Fort_001.jpg,Oman_Nizwa_Fort_001.jpg,Oman_Nizwa_Fort,Nizwa_Fort,Oman,asia,1,.jpg,640,480,51540,50.33,0.05,RGB,JPEG
Oman_Nizwa_Fort_002.jpg,Oman_Nizwa_Fort_002.jpg,Oman_Nizwa_Fort,Nizwa_Fort,Oman,asia,2,.jpg,640,427,33264,32.48,0.03,RGB,JPEG
Oman_Nizwa_Fort_003.jpg,Oman_Nizwa_Fort_003.jpg,Oman_Nizwa_Fort,Nizwa_Fort,Oman,asia,3,.jpg,640,853,135792,132.61,0.13,RGB,JPEG
Oman_Nizwa_Fort_004.jpg,Oman_Nizwa_Fort_004.jpg,Oman_Nizwa_Fort,Nizwa_Fort,Oman,asia,4,.jpg,640,480,73119,71.41,0.07,RGB,JPEG
Oman_Nizwa_Fort_005.jpg,Oman_Nizwa_Fort_005.jpg,Oman_Nizwa_Fort,Nizwa_Fort,Oman,asia,5,.jpg,640,480,58413,57.04,0.06,RGB,JPEG
Oman_Port_Sultan_Qaboos_001.jpg,Oman_Port_Sultan_Qaboos_001.jpg,Oman_Port_Sultan_Qaboos,Port_Sultan_Qaboos,Oman,asia,1,.jpg,640,640,114819,112.13,0.11,RGB,JPEG
Oman_Port_Sultan_Qaboos_002.jpg,Oman_Port_Sultan_Qaboos_002.jpg,Oman_Port_Sultan_Qaboos,Port_Sultan_Qaboos,Oman,asia,2,.jpg,640,480,68598,66.99,0.07,RGB,JPEG
Oman_Sohar_Fort_001.jpg,Oman_Sohar_Fort_001.jpg,Oman_Sohar_Fort,Sohar_Fort,Oman,asia,1,.jpg,640,853,53784,52.52,0.05,RGB,JPEG
Oman_Sohar_Fort_002.jpg,Oman_Sohar_Fort_002.jpg,Oman_Sohar_Fort,Sohar_Fort,Oman,asia,2,.jpg,640,480,47331,46.22,0.05,RGB,JPEG
Thailand_AnantaThroneHall_001.jpg,Thailand_AnantaThroneHall_001.jpg,Thailand_AnantaThroneHall,AnantaThroneHall,Thailand,asia,1,.jpg,640,853,95262,93.03,0.09,RGB,JPEG
Thailand_AnantaThroneHall_002.jpg,Thailand_AnantaThroneHall_002.jpg,Thailand_AnantaThroneHall,AnantaThroneHall,Thailand,asia,2,.jpg,640,480,65786,64.24,0.06,RGB,JPEG
Thailand_BaiyokeTower_001.jpg,Thailand_BaiyokeTower_001.jpg,Thailand_BaiyokeTower,BaiyokeTower,Thailand,asia,1,.jpg,640,760,107295,104.78,0.1,RGB,JPEG
Thailand_BaiyokeTower_002.jpg,Thailand_BaiyokeTower_002.jpg,Thailand_BaiyokeTower,BaiyokeTower,Thailand,asia,2,.jpg,640,777,91644,89.5,0.09,RGB,JPEG
Thailand_BangkokCityShrine_001.jpg,Thailand_BangkokCityShrine_001.jpg,Thailand_BangkokCityShrine,BangkokCityShrine,Thailand,asia,1,.jpg,640,481,66358,64.8,0.06,RGB,JPEG
Thailand_BangkokCityShrine_002.jpg,Thailand_BangkokCityShrine_002.jpg,Thailand_BangkokCityShrine,BangkokCityShrine,Thailand,asia,2,.jpg,640,481,60146,58.74,0.06,RGB,JPEG
Thailand_BangkokCityShrine_003.jpg,Thailand_BangkokCityShrine_003.jpg,Thailand_BangkokCityShrine,BangkokCityShrine,Thailand,asia,3,.jpg,640,853,138669,135.42,0.13,RGB,JPEG
Thailand_BangkokPostalHQ_001.jpg,Thailand_BangkokPostalHQ_001.jpg,Thailand_BangkokPostalHQ,BangkokPostalHQ,Thailand,asia,1,.jpg,640,480,76459,74.67,0.07,RGB,JPEG
Thailand_BangkokPostalHQ_002.jpg,Thailand_BangkokPostalHQ_002.jpg,Thailand_BangkokPostalHQ,BangkokPostalHQ,Thailand,asia,2,.jpg,640,457,93211,91.03,0.09,RGB,JPEG
Thailand_BangPaInRoyalPalace_001.jpg,Thailand_BangPaInRoyalPalace_001.jpg,Thailand_BangPaInRoyalPalace,BangPaInRoyalPalace,Thailand,asia,1,.jpg,640,853,135488,132.31,0.13,RGB,JPEG
Thailand_BangPaInRoyalPalace_002.jpg,Thailand_BangPaInRoyalPalace_002.jpg,Thailand_BangPaInRoyalPalace,BangPaInRoyalPalace,Thailand,asia,2,.jpg,640,481,55047,53.76,0.05,RGB,JPEG
Thailand_BanWichayen_001.jpg,Thailand_BanWichayen_001.jpg,Thailand_BanWichayen,BanWichayen,Thailand,asia,1,.jpg,640,480,98232,95.93,0.09,RGB,JPEG
Thailand_BanWichayen_002.jpg,Thailand_BanWichayen_002.jpg,Thailand_BanWichayen,BanWichayen,Thailand,asia,2,.jpg,640,480,117810,115.05,0.11,RGB,JPEG
Thailand_BhubingPalace_001.jpg,Thailand_BhubingPalace_001.jpg,Thailand_BhubingPalace,BhubingPalace,Thailand,asia,1,.jpg,640,480,132043,128.95,0.13,RGB,JPEG
Thailand_BhubingPalace_002.jpg,Thailand_BhubingPalace_002.jpg,Thailand_BhubingPalace,BhubingPalace,Thailand,asia,2,.jpg,640,480,128875,125.85,0.12,RGB,JPEG
Thailand_BhumibolBridge__001.jpg,Thailand_BhumibolBridge__001.jpg,Thailand_BhumibolBridge_,BhumibolBridge_,Thailand,asia,1,.jpg,640,480,64743,63.23,0.06,RGB,JPEG
Thailand_BhunibolBridge_001.jpg,Thailand_BhunibolBridge_001.jpg,Thailand_BhunibolBridge,BhunibolBridge,Thailand,asia,1,.jpg,640,480,64946,63.42,0.06,RGB,JPEG
Thailand_CathedralImmaculateConception_001.jpg,Thailand_CathedralImmaculateConception_001.jpg,Thailand_CathedralImmaculateConception,CathedralImmaculateConception,Thailand,asia,1,.jpg,640,481,70736,69.08,0.07,RGB,JPEG
Thailand_CathedralImmaculateConception_002.jpg,Thailand_CathedralImmaculateConception_002.jpg,Thailand_CathedralImmaculateConception,CathedralImmaculateConception,Thailand,asia,2,.jpg,640,852,125343,122.41,0.12,RGB,JPEG
Thailand_Chaiwatthanaram_001.jpg,Thailand_Chaiwatthanaram_001.jpg,Thailand_Chaiwatthanaram,Chaiwatthanaram,Thailand,asia,1,.jpg,640,428,57184,55.84,0.05,RGB,JPEG
Thailand_Chaiwatthanaram_002.jpg,Thailand_Chaiwatthanaram_002.jpg,Thailand_Chaiwatthanaram,Chaiwatthanaram,Thailand,asia,2,.jpg,640,427,80891,79.0,0.08,RGB,JPEG
Thailand_Chamadevi_001.jpg,Thailand_Chamadevi_001.jpg,Thailand_Chamadevi,Chamadevi,Thailand,asia,1,.jpg,640,960,218430,213.31,0.21,RGB,JPEG
Thailand_Chamadevi_002.jpg,Thailand_Chamadevi_002.jpg,Thailand_Chamadevi,Chamadevi,Thailand,asia,2,.jpg,640,958,116772,114.04,0.11,RGB,JPEG
Thailand_CollegeofMedicine_001.jpg,Thailand_CollegeofMedicine_001.jpg,Thailand_CollegeofMedicine,CollegeofMedicine,Thailand,asia,1,.jpg,640,853,85889,83.88,0.08,RGB,JPEG
Thailand_CollegeofMedicine_002.jpg,Thailand_CollegeofMedicine_002.jpg,Thailand_CollegeofMedicine,CollegeofMedicine,Thailand,asia,2,.jpg,640,853,157396,153.71,0.15,RGB,JPEG
Thailand_FortMahakan_001.jpg,Thailand_FortMahakan_001.jpg,Thailand_FortMahakan,FortMahakan,Thailand,asia,1,.jpg,640,480,81033,79.13,0.08,RGB,JPEG
Thailand_FortMahakan_002.jpg,Thailand_FortMahakan_002.jpg,Thailand_FortMahakan,FortMahakan,Thailand,asia,2,.jpg,640,480,69479,67.85,0.07,RGB,JPEG
Thailand_GiantSwing_001.jpg,Thailand_GiantSwing_001.jpg,Thailand_GiantSwing,GiantSwing,Thailand,asia,1,.jpg,640,640,81176,79.27,0.08,RGB,JPEG
Thailand_GiantSwing_002.jpg,Thailand_GiantSwing_002.jpg,Thailand_GiantSwing,GiantSwing,Thailand,asia,2,.jpg,640,853,93519,91.33,0.09,RGB,JPEG
Thailand_GrandPalace_001.jpg,Thailand_GrandPalace_001.jpg,Thailand_GrandPalace,GrandPalace,Thailand,asia,1,.jpg,640,480,105621,103.15,0.1,RGB,JPEG
Thailand_GrandPalace_002.jpg,Thailand_GrandPalace_002.jpg,Thailand_GrandPalace,GrandPalace,Thailand,asia,2,.jpg,640,853,134399,131.25,0.13,RGB,JPEG
Thailand_HolyRosaryChurch_001.jpg,Thailand_HolyRosaryChurch_001.jpg,Thailand_HolyRosaryChurch,HolyRosaryChurch,Thailand,asia,1,.jpg,640,964,229071,223.7,0.22,RGB,JPEG
Thailand_HolyRosaryChurch_002.jpg,Thailand_HolyRosaryChurch_002.jpg,Thailand_HolyRosaryChurch,HolyRosaryChurch,Thailand,asia,2,.jpg,640,964,218638,213.51,0.21,RGB,JPEG
Thailand_Intharawihan_001.jpg,Thailand_Intharawihan_001.jpg,Thailand_Intharawihan,Intharawihan,Thailand,asia,1,.jpg,640,480,103386,100.96,0.1,RGB,JPEG
Thailand_Intharawihan_002.jpg,Thailand_Intharawihan_002.jpg,Thailand_Intharawihan,Intharawihan,Thailand,asia,2,.jpg,640,426,48547,47.41,0.05,RGB,JPEG
Thailand_KutiRuesi_001.jpg,Thailand_KutiRuesi_001.jpg,Thailand_KutiRuesi,KutiRuesi,Thailand,asia,1,.jpg,640,427,104539,102.09,0.1,RGB,JPEG
Thailand_KutiRuesi_002.jpg,Thailand_KutiRuesi_002.jpg,Thailand_KutiRuesi,KutiRuesi,Thailand,asia,2,.jpg,640,427,68903,67.29,0.07,RGB,JPEG
Thailand_Mahakaset_001.jpg,Thailand_Mahakaset_001.jpg,Thailand_Mahakaset,Mahakaset,Thailand,asia,1,.jpg,640,890,257682,251.64,0.25,RGB,JPEG
Thailand_Mahakaset_002.jpg,Thailand_Mahakaset_002.jpg,Thailand_Mahakaset,Mahakaset,Thailand,asia,2,.jpg,640,890,257682,251.64,0.25,RGB,JPEG
Thailand_Mahanakhon_001.jpg,Thailand_Mahanakhon_001.jpg,Thailand_Mahanakhon,Mahanakhon,Thailand,asia,1,.jpg,640,853,139293,136.03,0.13,RGB,JPEG
Thailand_Mahanakhon_002.jpg,Thailand_Mahanakhon_002.jpg,Thailand_Mahanakhon,Mahanakhon,Thailand,asia,2,.jpg,640,1126,187961,183.56,0.18,RGB,JPEG
Thailand_MahaPavilion_001.jpg,Thailand_MahaPavilion_001.jpg,Thailand_MahaPavilion,MahaPavilion,Thailand,asia,1,.jpg,640,480,75240,73.48,0.07,RGB,JPEG
Thailand_MahaPavilion_002.jpg,Thailand_MahaPavilion_002.jpg,Thailand_MahaPavilion,MahaPavilion,Thailand,asia,2,.jpg,640,480,101419,99.04,0.1,RGB,JPEG
Thailand_MemorialBridge_001.jpg,Thailand_MemorialBridge_001.jpg,Thailand_MemorialBridge,MemorialBridge,Thailand,asia,1,.jpg,640,480,60212,58.8,0.06,RGB,JPEG
Thailand_MemorialBridge_002.jpg,Thailand_MemorialBridge_002.jpg,Thailand_MemorialBridge,MemorialBridge,Thailand,asia,2,.jpg,640,480,78302,76.47,0.07,RGB,JPEG
Thailand_MuseumSiam_001.jpg,Thailand_MuseumSiam_001.jpg,Thailand_MuseumSiam,MuseumSiam,Thailand,asia,1,.jpg,640,426,115289,112.59,0.11,RGB,JPEG
Thailand_MuseumSiam_002.jpg,Thailand_MuseumSiam_002.jpg,Thailand_MuseumSiam,MuseumSiam,Thailand,asia,2,.jpg,640,427,122292,119.43,0.12,RGB,JPEG
Thailand_PhaPraSamYod_001.jpg,Thailand_PhaPraSamYod_001.jpg,Thailand_PhaPraSamYod,PhaPraSamYod,Thailand,asia,1,.jpg,640,480,101111,98.74,0.1,RGB,JPEG
Thailand_PhaPraSamYod_002.jpg,Thailand_PhaPraSamYod_002.jpg,Thailand_PhaPraSamYod,PhaPraSamYod,Thailand,asia,2,.jpg,640,480,94722,92.5,0.09,RGB,JPEG
Thailand_PhimokPrasat_001.jpg,Thailand_PhimokPrasat_001.jpg,Thailand_PhimokPrasat,PhimokPrasat,Thailand,asia,1,.jpg,640,658,95416,93.18,0.09,RGB,JPEG
Thailand_PhimokPrasat_002.jpg,Thailand_PhimokPrasat_002.jpg,Thailand_PhimokPrasat,PhimokPrasat,Thailand,asia,2,.jpg,640,665,111703,109.08,0.11,RGB,JPEG
Thailand_Phramongkutklao_College_of_Medicine_001.jpg,Thailand_Phramongkutklao_College_of_Medicine_001.jpg,Thailand_Phramongkutklao_College_of_Medicine,Phramongkutklao_College_of_Medicine,Thailand,asia,1,.jpg,640,853,85889,83.88,0.08,RGB,JPEG
Thailand_PhraSriRatanaChedi_001.jpg,Thailand_PhraSriRatanaChedi_001.jpg,Thailand_PhraSriRatanaChedi,PhraSriRatanaChedi,Thailand,asia,1,.jpg,640,480,71935,70.25,0.07,RGB,JPEG
Thailand_PhraSriRatanaChedi_002.jpg,Thailand_PhraSriRatanaChedi_002.jpg,Thailand_PhraSriRatanaChedi,PhraSriRatanaChedi,Thailand,asia,2,.jpg,640,853,101193,98.82,0.1,RGB,JPEG
Thailand_Tapu_001.jpg,Thailand_Tapu_001.jpg,Thailand_Tapu,Tapu,Thailand,asia,1,.jpg,640,888,125019,122.09,0.12,RGB,JPEG
Thailand_Tapu_002.jpg,Thailand_Tapu_002.jpg,Thailand_Tapu,Tapu,Thailand,asia,2,.jpg,640,409,75980,74.2,0.07,RGB,JPEG
Thailand_Tapu_003.jpg,Thailand_Tapu_003.jpg,Thailand_Tapu,Tapu,Thailand,asia,3,.jpg,640,859,164543,160.69,0.16,RGB,JPEG
Thailand_Thanon_001.jpg,Thailand_Thanon_001.jpg,Thailand_Thanon,Thanon,Thailand,asia,1,.jpg,640,1023,170997,166.99,0.16,RGB,JPEG
Thailand_Thanon_002.jpg,Thailand_Thanon_002.jpg,Thailand_Thanon,Thanon,Thailand,asia,2,.jpg,640,427,103285,100.86,0.1,RGB,JPEG
Thailand_Uthokkathan_001.jpg,Thailand_Uthokkathan_001.jpg,Thailand_Uthokkathan,Uthokkathan,Thailand,asia,1,.jpg,640,480,112229,109.6,0.11,RGB,JPEG
Thailand_Uthokkathan_002.jpg,Thailand_Uthokkathan_002.jpg,Thailand_Uthokkathan,Uthokkathan,Thailand,asia,2,.jpg,640,853,111920,109.3,0.11,RGB,JPEG
Thailand_Wat_001.jpg,Thailand_Wat_001.jpg,Thailand_Wat,Wat,Thailand,asia,1,.jpg,640,640,165102,161.23,0.16,RGB,JPEG
Thailand_Wat_002.jpg,Thailand_Wat_002.jpg,Thailand_Wat,Wat,Thailand,asia,2,.jpg,640,427,95470,93.23,0.09,RGB,JPEG
"Turkey_Aghperig_Monastery_in_the_Sasun_Mountains,_East_Anatolia_001.jpg","Turkey_Aghperig_Monastery_in_the_Sasun_Mountains,_East_Anatolia_001.jpg","Turkey_Aghperig_Monastery_in_the_Sasun_Mountains,_East_Anatolia","Aghperig_Monastery_in_the_Sasun_Mountains,_East_Anatolia",Turkey,asia,1,.jpg,640,427,61832,60.38,0.06,RGB,JPEG
"Turkey_Aghperig_Monastery_in_the_Sasun_Mountains,_East_Anatolia_002.jpg","Turkey_Aghperig_Monastery_in_the_Sasun_Mountains,_East_Anatolia_002.jpg","Turkey_Aghperig_Monastery_in_the_Sasun_Mountains,_East_Anatolia","Aghperig_Monastery_in_the_Sasun_Mountains,_East_Anatolia",Turkey,asia,2,.jpg,640,427,51582,50.37,0.05,RGB,JPEG
Turkey_Ahirkapi_Lighthouse_001.JPG,Turkey_Ahirkapi_Lighthouse_001.JPG,Turkey_Ahirkapi_Lighthouse,Ahirkapi_Lighthouse,Turkey,asia,1,.jpg,640,853,170034,166.05,0.16,RGB,JPEG
Turkey_Ahirkapi_Lighthouse_002.JPG,Turkey_Ahirkapi_Lighthouse_002.JPG,Turkey_Ahirkapi_Lighthouse,Ahirkapi_Lighthouse,Turkey,asia,2,.jpg,640,1032,116840,114.1,0.11,RGB,JPEG
Turkey_Ahirkapi_Lighthouse_003.jpg,Turkey_Ahirkapi_Lighthouse_003.jpg,Turkey_Ahirkapi_Lighthouse,Ahirkapi_Lighthouse,Turkey,asia,3,.jpg,640,853,111300,108.69,0.11,RGB,JPEG
Turkey_Ahi_Celebi_Camii_Mars_001.jpg,Turkey_Ahi_Celebi_Camii_Mars_001.jpg,Turkey_Ahi_Celebi_Camii_Mars,Ahi_Celebi_Camii_Mars,Turkey,asia,1,.jpg,640,747,100721,98.36,0.1,RGB,JPEG
Turkey_Ahi_Celebi_Camii_Mars_002.jpg,Turkey_Ahi_Celebi_Camii_Mars_002.jpg,Turkey_Ahi_Celebi_Camii_Mars,Ahi_Celebi_Camii_Mars,Turkey,asia,2,.jpg,640,427,76593,74.8,0.07,RGB,JPEG
Turkey_Akdamar_Church_001.jpg,Turkey_Akdamar_Church_001.jpg,Turkey_Akdamar_Church,Akdamar_Church,Turkey,asia,1,.jpg,640,480,74217,72.48,0.07,RGB,JPEG
Turkey_Akdamar_Church_002.jpg,Turkey_Akdamar_Church_002.jpg,Turkey_Akdamar_Church,Akdamar_Church,Turkey,asia,2,.jpg,640,853,150418,146.89,0.14,RGB,JPEG
Turkey_Anitkabir_001.jpg,Turkey_Anitkabir_001.jpg,Turkey_Anitkabir,Anitkabir,Turkey,asia,1,.jpg,640,853,75483,73.71,0.07,RGB,JPEG
Turkey_Anitkabir_002.jpg,Turkey_Anitkabir_002.jpg,Turkey_Anitkabir,Anitkabir,Turkey,asia,2,.jpg,640,853,124844,121.92,0.12,RGB,JPEG
Turkey_Bagdat_Caddesi_001.jpg,Turkey_Bagdat_Caddesi_001.jpg,Turkey_Bagdat_Caddesi,Bagdat_Caddesi,Turkey,asia,1,.jpg,640,480,100648,98.29,0.1,RGB,JPEG
Turkey_Bagdat_Caddesi_002.jpg,Turkey_Bagdat_Caddesi_002.jpg,Turkey_Bagdat_Caddesi,Bagdat_Caddesi,Turkey,asia,2,.jpg,640,480,94068,91.86,0.09,RGB,JPEG
Turkey_Bayezid_II_Mosque_001.jpg,Turkey_Bayezid_II_Mosque_001.jpg,Turkey_Bayezid_II_Mosque,Bayezid_II_Mosque,Turkey,asia,1,.jpg,640,426,103121,100.7,0.1,RGB,JPEG
Turkey_Bayezid_II_Mosque_002.jpg,Turkey_Bayezid_II_Mosque_002.jpg,Turkey_Bayezid_II_Mosque,Bayezid_II_Mosque,Turkey,asia,2,.jpg,640,478,89111,87.02,0.08,RGB,JPEG
Turkey_Bebek_Mosque_001.JPG,Turkey_Bebek_Mosque_001.JPG,Turkey_Bebek_Mosque,Bebek_Mosque,Turkey,asia,1,.jpg,640,480,92364,90.2,0.09,RGB,JPEG
Turkey_Bebek_Mosque_002.JPG,Turkey_Bebek_Mosque_002.JPG,Turkey_Bebek_Mosque,Bebek_Mosque,Turkey,asia,2,.jpg,640,480,102813,100.4,0.1,RGB,JPEG
Turkey_Buyuk_Saat_001.jpg,Turkey_Buyuk_Saat_001.jpg,Turkey_Buyuk_Saat,Buyuk_Saat,Turkey,asia,1,.jpg,640,854,148042,144.57,0.14,RGB,JPEG
Turkey_Buyuk_Saat_002.jpg,Turkey_Buyuk_Saat_002.jpg,Turkey_Buyuk_Saat,Buyuk_Saat,Turkey,asia,2,.jpg,640,360,52610,51.38,0.05,RGB,JPEG
Turkey_Clock_Tower_Amasya_001.jpg,Turkey_Clock_Tower_Amasya_001.jpg,Turkey_Clock_Tower_Amasya,Clock_Tower_Amasya,Turkey,asia,1,.jpg,640,427,85852,83.84,0.08,RGB,JPEG
Turkey_Clock_Tower_Amasya_002.jpg,Turkey_Clock_Tower_Amasya_002.jpg,Turkey_Clock_Tower_Amasya,Clock_Tower_Amasya,Turkey,asia,2,.jpg,640,480,79171,77.32,0.08,RGB,JPEG
UAE_Abu_Dhabi_Corniche_001.jpg,UAE_Abu_Dhabi_Corniche_001.jpg,UAE_Abu_Dhabi_Corniche,Abu_Dhabi_Corniche,UAE,asia,1,.jpg,640,960,167133,163.22,0.16,RGB,JPEG
UAE_Abu_Dhabi_Corniche_002.jpg,UAE_Abu_Dhabi_Corniche_002.jpg,UAE_Abu_Dhabi_Corniche,Abu_Dhabi_Corniche,UAE,asia,2,.jpg,640,427,62901,61.43,0.06,RGB,JPEG
UAE_Abu_Dhabi_Corniche_003.jpg,UAE_Abu_Dhabi_Corniche_003.jpg,UAE_Abu_Dhabi_Corniche,Abu_Dhabi_Corniche,UAE,asia,3,.jpg,640,427,94323,92.11,0.09,RGB,JPEG
UAE_Al_Ahmadiya_School_001.jpg,UAE_Al_Ahmadiya_School_001.jpg,UAE_Al_Ahmadiya_School,Al_Ahmadiya_School,UAE,asia,1,.jpg,640,425,62247,60.79,0.06,RGB,JPEG
UAE_Al_Ahmadiya_School_002.jpg,UAE_Al_Ahmadiya_School_002.jpg,UAE_Al_Ahmadiya_School,Al_Ahmadiya_School,UAE,asia,2,.jpg,640,427,77965,76.14,0.07,RGB,JPEG
UAE_Al_Ahmadiya_School_003.jpg,UAE_Al_Ahmadiya_School_003.jpg,UAE_Al_Ahmadiya_School,Al_Ahmadiya_School,UAE,asia,3,.jpg,640,960,139975,136.69,0.13,RGB,JPEG
UAE_Al_Jahili_Fort_001.jpg,UAE_Al_Jahili_Fort_001.jpg,UAE_Al_Jahili_Fort,Al_Jahili_Fort,UAE,asia,1,.jpg,640,427,90956,88.82,0.09,RGB,JPEG
UAE_Al_Jahili_Fort_002.jpg,UAE_Al_Jahili_Fort_002.jpg,UAE_Al_Jahili_Fort,Al_Jahili_Fort,UAE,asia,2,.jpg,640,622,73313,71.59,0.07,RGB,JPEG
UAE_Al_Jahili_Fort_003.jpg,UAE_Al_Jahili_Fort_003.jpg,UAE_Al_Jahili_Fort,Al_Jahili_Fort,UAE,asia,3,.jpg,640,427,62439,60.98,0.06,RGB,JPEG
UAE_Burj_Al_Arab_001.jpg,UAE_Burj_Al_Arab_001.jpg,UAE_Burj_Al_Arab,Burj_Al_Arab,UAE,asia,1,.jpg,640,443,72823,71.12,0.07,RGB,JPEG
UAE_Burj_Al_Arab_002.jpg,UAE_Burj_Al_Arab_002.jpg,UAE_Burj_Al_Arab,Burj_Al_Arab,UAE,asia,2,.jpg,640,417,28253,27.59,0.03,RGB,JPEG
UAE_Burj_Al_Arab_003.jpg,UAE_Burj_Al_Arab_003.jpg,UAE_Burj_Al_Arab,Burj_Al_Arab,UAE,asia,3,.jpg,640,960,100689,98.33,0.1,RGB,JPEG
UAE_Dubai_Creek_001.JPG,UAE_Dubai_Creek_001.JPG,UAE_Dubai_Creek,Dubai_Creek,UAE,asia,1,.jpg,640,427,63627,62.14,0.06,RGB,JPEG
UAE_Dubai_Creek_002.jpg,UAE_Dubai_Creek_002.jpg,UAE_Dubai_Creek,Dubai_Creek,UAE,asia,2,.jpg,639,427,79601,77.74,0.08,RGB,JPEG
UAE_Emirates_Palace_001.jpg,UAE_Emirates_Palace_001.jpg,UAE_Emirates_Palace,Emirates_Palace,UAE,asia,1,.jpg,640,426,116432,113.7,0.11,RGB,JPEG
UAE_Emirates_Palace_002.jpg,UAE_Emirates_Palace_002.jpg,UAE_Emirates_Palace,Emirates_Palace,UAE,asia,2,.jpg,640,426,116133,113.41,0.11,RGB,JPEG
UAE_Hili_Fun_City_001.jpg,UAE_Hili_Fun_City_001.jpg,UAE_Hili_Fun_City,Hili_Fun_City,UAE,asia,1,.jpg,640,480,103690,101.26,0.1,RGB,JPEG
UAE_Hili_Fun_City_002.jpg,UAE_Hili_Fun_City_002.jpg,UAE_Hili_Fun_City,Hili_Fun_City,UAE,asia,2,.jpg,640,480,93704,91.51,0.09,RGB,JPEG
UAE_Jumeirah_City_001.jpg,UAE_Jumeirah_City_001.jpg,UAE_Jumeirah_City,Jumeirah_City,UAE,asia,1,.jpg,640,480,72320,70.62,0.07,RGB,JPEG
UAE_Jumeirah_City_002.jpg,UAE_Jumeirah_City_002.jpg,UAE_Jumeirah_City,Jumeirah_City,UAE,asia,2,.jpg,640,480,77688,75.87,0.07,RGB,JPEG
UAE_Jumeirah_Mosque_001.jpg,UAE_Jumeirah_Mosque_001.jpg,UAE_Jumeirah_Mosque,Jumeirah_Mosque,UAE,asia,1,.jpg,640,480,70723,69.07,0.07,RGB,JPEG
UAE_Jumeirah_Mosque_002.jpg,UAE_Jumeirah_Mosque_002.jpg,UAE_Jumeirah_Mosque,Jumeirah_Mosque,UAE,asia,2,.jpg,640,679,122301,119.43,0.12,RGB,JPEG
UAE_Marina_Mall_001.jpg,UAE_Marina_Mall_001.jpg,UAE_Marina_Mall,Marina_Mall,UAE,asia,1,.jpg,640,378,44279,43.24,0.04,RGB,JPEG
UAE_Marina_Mall_002.jpg,UAE_Marina_Mall_002.jpg,UAE_Marina_Mall,Marina_Mall,UAE,asia,2,.jpg,640,964,130555,127.5,0.12,RGB,JPEG
UAE_Sheikh_Zayed_Cricket_Stadium_001.jpg,UAE_Sheikh_Zayed_Cricket_Stadium_001.jpg,UAE_Sheikh_Zayed_Cricket_Stadium,Sheikh_Zayed_Cricket_Stadium,UAE,asia,1,.jpg,640,1138,70028,68.39,0.07,RGB,JPEG
UAE_Sheikh_Zayed_Cricket_Stadium_002.jpg,UAE_Sheikh_Zayed_Cricket_Stadium_002.jpg,UAE_Sheikh_Zayed_Cricket_Stadium,Sheikh_Zayed_Cricket_Stadium,UAE,asia,2,.jpg,640,360,28436,27.77,0.03,RGB,JPEG
UAE_Sheikh_Zayed_Cricket_Stadium_003.jpg,UAE_Sheikh_Zayed_Cricket_Stadium_003.jpg,UAE_Sheikh_Zayed_Cricket_Stadium,Sheikh_Zayed_Cricket_Stadium,UAE,asia,3,.jpg,640,360,61610,60.17,0.06,RGB,JPEG
UnitedStates_AvenueCartier_001.jpg,UnitedStates_AvenueCartier_001.jpg,UnitedStates_AvenueCartier,AvenueCartier,UnitedStates,north_america,1,.jpg,640,480,124020,121.11,0.12,RGB,JPEG
UnitedStates_AvenueCartier_002.jpg,UnitedStates_AvenueCartier_002.jpg,UnitedStates_AvenueCartier,AvenueCartier,UnitedStates,north_america,2,.jpg,640,480,122351,119.48,0.12,RGB,JPEG
UnitedStates_BalachePointLighthouse_001.jpg,UnitedStates_BalachePointLighthouse_001.jpg,UnitedStates_BalachePointLighthouse,BalachePointLighthouse,UnitedStates,north_america,1,.jpg,640,437,92851,90.67,0.09,RGB,JPEG
UnitedStates_BalachePointLighthouse_002.jpg,UnitedStates_BalachePointLighthouse_002.jpg,UnitedStates_BalachePointLighthouse,BalachePointLighthouse,UnitedStates,north_america,2,.jpg,640,437,97860,95.57,0.09,RGB,JPEG
UnitedStates_BattlefieldPark_001.jpg,UnitedStates_BattlefieldPark_001.jpg,UnitedStates_BattlefieldPark,BattlefieldPark,UnitedStates,north_america,1,.jpg,640,427,88618,86.54,0.08,RGB,JPEG
UnitedStates_BattlefieldPark_002.jpg,UnitedStates_BattlefieldPark_002.jpg,UnitedStates_BattlefieldPark,BattlefieldPark,UnitedStates,north_america,2,.jpg,640,480,77322,75.51,0.07,RGB,JPEG
UnitedStates_Cape_Bonavista_Lighthouse_001.JPG,UnitedStates_Cape_Bonavista_Lighthouse_001.JPG,UnitedStates_Cape_Bonavista_Lighthouse,Cape_Bonavista_Lighthouse,UnitedStates,north_america,1,.jpg,640,427,60001,58.59,0.06,RGB,JPEG
UnitedStates_Cape_Bonavista_Lighthouse_002.jpg,UnitedStates_Cape_Bonavista_Lighthouse_002.jpg,UnitedStates_Cape_Bonavista_Lighthouse,Cape_Bonavista_Lighthouse,UnitedStates,north_america,2,.jpg,640,428,99036,96.71,0.09,RGB,JPEG
UnitedStates_Cape_D’Or_Lighthouse_001.jpg,UnitedStates_Cape_D’Or_Lighthouse_001.jpg,UnitedStates_Cape_D’Or_Lighthouse,Cape_D’Or_Lighthouse,UnitedStates,north_america,1,.jpg,640,431,94703,92.48,0.09,RGB,JPEG
UnitedStates_Cape_D’Or_Lighthouse_002.jpg,UnitedStates_Cape_D’Or_Lighthouse_002.jpg,UnitedStates_Cape_D’Or_Lighthouse,Cape_D’Or_Lighthouse,UnitedStates,north_america,2,.jpg,640,425,86210,84.19,0.08,RGB,JPEG
UnitedStates_Cape_Race_Lighthouse_001.jpg,UnitedStates_Cape_Race_Lighthouse_001.jpg,UnitedStates_Cape_Race_Lighthouse,Cape_Race_Lighthouse,UnitedStates,north_america,1,.jpg,640,480,74437,72.69,0.07,RGB,JPEG
UnitedStates_Cape_Race_Lighthouse_002.jpg,UnitedStates_Cape_Race_Lighthouse_002.jpg,UnitedStates_Cape_Race_Lighthouse,Cape_Race_Lighthouse,UnitedStates,north_america,2,.jpg,640,485,45856,44.78,0.04,RGB,JPEG
UnitedStates_Cap_de_la_Madeleine_Lighthouse_001.jpg,UnitedStates_Cap_de_la_Madeleine_Lighthouse_001.jpg,UnitedStates_Cap_de_la_Madeleine_Lighthouse,Cap_de_la_Madeleine_Lighthouse,UnitedStates,north_america,1,.jpg,640,425,80964,79.07,0.08,RGB,JPEG
UnitedStates_Cap_de_la_Madeleine_Lighthouse_002.jpg,UnitedStates_Cap_de_la_Madeleine_Lighthouse_002.jpg,UnitedStates_Cap_de_la_Madeleine_Lighthouse,Cap_de_la_Madeleine_Lighthouse,UnitedStates,north_america,2,.jpg,640,425,99534,97.2,0.09,RGB,JPEG
UnitedStates_Charles_Fort_National_Historic_Site_001.jpg,UnitedStates_Charles_Fort_National_Historic_Site_001.jpg,UnitedStates_Charles_Fort_National_Historic_Site,Charles_Fort_National_Historic_Site,UnitedStates,north_america,1,.jpg,640,480,116424,113.7,0.11,RGB,JPEG
UnitedStates_Charles_Fort_National_Historic_Site_002.jpg,UnitedStates_Charles_Fort_National_Historic_Site_002.jpg,UnitedStates_Charles_Fort_National_Historic_Site,Charles_Fort_National_Historic_Site,UnitedStates,north_america,2,.jpg,640,480,121845,118.99,0.12,RGB,JPEG
UnitedStates_LouisianaChurch_001.jpg,UnitedStates_LouisianaChurch_001.jpg,UnitedStates_LouisianaChurch,LouisianaChurch,UnitedStates,north_america,1,.jpg,640,426,49166,48.01,0.05,RGB,JPEG
UnitedStates_LouisianaChurch_002.jpg,UnitedStates_LouisianaChurch_002.jpg,UnitedStates_LouisianaChurch,LouisianaChurch,UnitedStates,north_america,2,.jpg,640,853,117694,114.94,0.11,RGB,JPEG
UnitedStates_Martello_Tower_001.jpg,UnitedStates_Martello_Tower_001.jpg,UnitedStates_Martello_Tower,Martello_Tower,UnitedStates,north_america,1,.jpg,640,947,286993,280.27,0.27,RGB,JPEG
UnitedStates_Martello_Tower_002.JPG,UnitedStates_Martello_Tower_002.JPG,UnitedStates_Martello_Tower,Martello_Tower,UnitedStates,north_america,2,.jpg,640,480,117274,114.53,0.11,RGB,JPEG
UnitedStates_OntarioLighthouse_001.jpg,UnitedStates_OntarioLighthouse_001.jpg,UnitedStates_OntarioLighthouse,OntarioLighthouse,UnitedStates,north_america,1,.jpg,640,427,95063,92.83,0.09,RGB,JPEG
UnitedStates_OntarioLighthouse_002.jpg,UnitedStates_OntarioLighthouse_002.jpg,UnitedStates_OntarioLighthouse,OntarioLighthouse,UnitedStates,north_america,2,.jpg,640,427,72140,70.45,0.07,RGB,JPEG
UnitedStates_SchoolHouse_001.jpg,UnitedStates_SchoolHouse_001.jpg,UnitedStates_SchoolHouse,SchoolHouse,UnitedStates,north_america,1,.jpg,640,480,131244,128.17,0.13,RGB,JPEG
UnitedStates_SchoolHouse_002.JPG,UnitedStates_SchoolHouse_002.JPG,UnitedStates_SchoolHouse,SchoolHouse,UnitedStates,north_america,2,.jpg,640,480,136171,132.98,0.13,RGB,JPEG
UnitedStates_SquareDorchester_001.jpg,UnitedStates_SquareDorchester_001.jpg,UnitedStates_SquareDorchester,SquareDorchester,UnitedStates,north_america,1,.jpg,640,480,153493,149.9,0.15,RGB,JPEG
UnitedStates_SquareDorchester_002.jpg,UnitedStates_SquareDorchester_002.jpg,UnitedStates_SquareDorchester,SquareDorchester,UnitedStates,north_america,2,.jpg,640,470,158511,154.8,0.15,RGB,JPEG
UnitedStates_VAWashingtonMonument_001.JPG,UnitedStates_VAWashingtonMonument_001.JPG,UnitedStates_VAWashingtonMonument,VAWashingtonMonument,UnitedStates,north_america,1,.jpg,640,483,80858,78.96,0.08,RGB,JPEG
UnitedStates_VAWashingtonMonument_002.JPG,UnitedStates_VAWashingtonMonument_002.JPG,UnitedStates_VAWashingtonMonument,VAWashingtonMonument,UnitedStates,north_america,2,.jpg,640,480,98467,96.16,0.09,RGB,JPEG
UnitedStates_WashingtonMormonTemple_001.jpg,UnitedStates_WashingtonMormonTemple_001.jpg,UnitedStates_WashingtonMormonTemple,WashingtonMormonTemple,UnitedStates,north_america,1,.jpg,640,747,67858,66.27,0.06,RGB,JPEG
UnitedStates_WashingtonMormonTemple_002.jpg,UnitedStates_WashingtonMormonTemple_002.jpg,UnitedStates_WashingtonMormonTemple,WashingtonMormonTemple,UnitedStates,north_america,2,.jpg,640,435,46385,45.3,0.04,RGB,JPEG
UnitedStates_WashingtonStateCapitol_001.jpg,UnitedStates_WashingtonStateCapitol_001.jpg,UnitedStates_WashingtonStateCapitol,WashingtonStateCapitol,UnitedStates,north_america,1,.jpg,640,473,59065,57.68,0.06,RGB,JPEG
UnitedStates_WashingtonStateCapitol_002.jpg,UnitedStates_WashingtonStateCapitol_002.jpg,UnitedStates_WashingtonStateCapitol,WashingtonStateCapitol,UnitedStates,north_america,2,.jpg,640,416,91892,89.74,0.09,RGB,JPEG
UnitedStates_WisconsinBuilding_001.jpg,UnitedStates_WisconsinBuilding_001.jpg,UnitedStates_WisconsinBuilding,WisconsinBuilding,UnitedStates,north_america,1,.jpg,640,592,92014,89.86,0.09,RGB,JPEG
UnitedStates_WisconsinBuilding_002.jpg,UnitedStates_WisconsinBuilding_002.jpg,UnitedStates_WisconsinBuilding,WisconsinBuilding,UnitedStates,north_america,2,.jpg,640,962,178655,174.47,0.17,RGB,JPEG
